"codigo","species","img"
"Oct-19(40).jpg","Anchoa","figs/2015/Otolitos_ Oct/Anchoa/Oct-19(40).jpg"
"Oct-19(46).jpg","Anchoa","figs/2015/Otolitos_ Oct/Anchoa/Oct-19(46).jpg"
"Oct-20(13).jpg","Anchoa","figs/2015/Otolitos_ Oct/Anchoa/Oct-20(13).jpg"
"Oct-20(9).jpg","Anchoa","figs/2015/Otolitos_ Oct/Anchoa/Oct-20(9).jpg"
"Oct-23(13).jpg","Anchoa","figs/2015/Otolitos_ Oct/Anchoa/Oct-23(13).jpg"
"Oct-23(14).jpg","Anchoa","figs/2015/Otolitos_ Oct/Anchoa/Oct-23(14).jpg"
"Oct-23(15).jpg","Anchoa","figs/2015/Otolitos_ Oct/Anchoa/Oct-23(15).jpg"
"Oct-23(16).jpg","Anchoa","figs/2015/Otolitos_ Oct/Anchoa/Oct-23(16).jpg"
"Oct-23(7).jpg","Anchoa","figs/2015/Otolitos_ Oct/Anchoa/Oct-23(7).jpg"
"Oct-49(2).jpg","Anchoa","figs/2015/Otolitos_ Oct/Anchoa/Oct-49(2).jpg"
"Oct-49(8).jpg","Anchoa","figs/2015/Otolitos_ Oct/Anchoa/Oct-49(8).jpg"
"Oct-61(1).jpg","Anchoa","figs/2015/Otolitos_ Oct/Anchoa/Oct-61(1).jpg"
"Oct-46(1).jpg","Caranx","figs/2015/Otolitos_ Oct/Caranx/Oct-46(1).jpg"
"Oct-46(2).jpg","Caranx","figs/2015/Otolitos_ Oct/Caranx/Oct-46(2).jpg"
"Oct-46(3).jpg","Caranx","figs/2015/Otolitos_ Oct/Caranx/Oct-46(3).jpg"
"Oct-46(4).jpg","Caranx","figs/2015/Otolitos_ Oct/Caranx/Oct-46(4).jpg"
"Oct-57(1).jpg","Caranx","figs/2015/Otolitos_ Oct/Caranx/Oct-57(1).jpg"
"Oct-58(10).jpg","Caranx","figs/2015/Otolitos_ Oct/Caranx/Oct-58(10).jpg"
"Oct-58(11).jpg","Caranx","figs/2015/Otolitos_ Oct/Caranx/Oct-58(11).jpg"
"Oct-58(12).jpg","Caranx","figs/2015/Otolitos_ Oct/Caranx/Oct-58(12).jpg"
"Oct-58(13).jpg","Caranx","figs/2015/Otolitos_ Oct/Caranx/Oct-58(13).jpg"
"Oct-58(15).jpg","Caranx","figs/2015/Otolitos_ Oct/Caranx/Oct-58(15).jpg"
"Oct-58(2).jpg","Caranx","figs/2015/Otolitos_ Oct/Caranx/Oct-58(2).jpg"
"Oct-58(3).jpg","Caranx","figs/2015/Otolitos_ Oct/Caranx/Oct-58(3).jpg"
"Oct-58(4).jpg","Caranx","figs/2015/Otolitos_ Oct/Caranx/Oct-58(4).jpg"
"Oct-58(5).jpg","Caranx","figs/2015/Otolitos_ Oct/Caranx/Oct-58(5).jpg"
"Oct-58(6).jpg","Caranx","figs/2015/Otolitos_ Oct/Caranx/Oct-58(6).jpg"
"Oct-58(7).jpg","Caranx","figs/2015/Otolitos_ Oct/Caranx/Oct-58(7).jpg"
"Oct-58(8).jpg","Caranx","figs/2015/Otolitos_ Oct/Caranx/Oct-58(8).jpg"
"Oct-24(1).jpg","Chromis atrilobata","figs/2015/Otolitos_ Oct/Chromis atrilobata/Oct-24(1).jpg"
"Oct-30(6).jpg","Chromis atrilobata","figs/2015/Otolitos_ Oct/Chromis atrilobata/Oct-30(6).jpg"
"Oct-49(3).jpg","Chromis atrilobata","figs/2015/Otolitos_ Oct/Chromis atrilobata/Oct-49(3).jpg"
"Oct-61(2).jpg","Chromis atrilobata","figs/2015/Otolitos_ Oct/Chromis atrilobata/Oct-61(2).jpg"
"Oct-63(1).jpg","Chromis atrilobata","figs/2015/Otolitos_ Oct/Chromis atrilobata/Oct-63(1).jpg"
"Oct-19(20).jpg","Diplectrum","figs/2015/Otolitos_ Oct/Diplectrum/Oct-19(20).jpg"
"Oct-19(32).jpg","Diplectrum","figs/2015/Otolitos_ Oct/Diplectrum/Oct-19(32).jpg"
"Oct-19(44).jpg","Diplectrum","figs/2015/Otolitos_ Oct/Diplectrum/Oct-19(44).jpg"
"Oct-19(62).jpg","Diplectrum","figs/2015/Otolitos_ Oct/Diplectrum/Oct-19(62).jpg"
"Oct-19(7).jpg","Diplectrum","figs/2015/Otolitos_ Oct/Diplectrum/Oct-19(7).jpg"
"Oct-20(12).jpg","Diplectrum","figs/2015/Otolitos_ Oct/Diplectrum/Oct-20(12).jpg"
"Oct-22(11).jpg","Diplectrum","figs/2015/Otolitos_ Oct/Diplectrum/Oct-22(11).jpg"
"Oct-19(12).jpg","Epinephelus","figs/2015/Otolitos_ Oct/Epinephelus/Oct-19(12).jpg"
"Oct-19(17).jpg","Epinephelus","figs/2015/Otolitos_ Oct/Epinephelus/Oct-19(17).jpg"
"Oct-19(25).jpg","Epinephelus","figs/2015/Otolitos_ Oct/Epinephelus/Oct-19(25).jpg"
"Oct-23(22).jpg","Epinephelus","figs/2015/Otolitos_ Oct/Epinephelus/Oct-23(22).jpg"
"Oct-23(5).jpg","Epinephelus","figs/2015/Otolitos_ Oct/Epinephelus/Oct-23(5).jpg"
"Oct-23(9).jpg","Epinephelus","figs/2015/Otolitos_ Oct/Epinephelus/Oct-23(9).jpg"
"Oct-30(3).jpg","Epinephelus","figs/2015/Otolitos_ Oct/Epinephelus/Oct-30(3).jpg"
"Oct-30(4).jpg","Epinephelus","figs/2015/Otolitos_ Oct/Epinephelus/Oct-30(4).jpg"
"Oct-30(5).jpg","Epinephelus","figs/2015/Otolitos_ Oct/Epinephelus/Oct-30(5).jpg"
"Oct-30(7).jpg","Epinephelus","figs/2015/Otolitos_ Oct/Epinephelus/Oct-30(7).jpg"
"Oct-49(12).jpg","Epinephelus","figs/2015/Otolitos_ Oct/Epinephelus/Oct-49(12).jpg"
"Oct-18(1).jpg","Hemanthias ","figs/2015/Otolitos_ Oct/Hemanthias /Oct-18(1).jpg"
"Oct-19(42).jpg","Hemanthias ","figs/2015/Otolitos_ Oct/Hemanthias /Oct-19(42).jpg"
"Oct-23(17).jpg","Hemanthias ","figs/2015/Otolitos_ Oct/Hemanthias /Oct-23(17).jpg"
"Oct-03(3).jpg","Lepophidion","figs/2015/Otolitos_ Oct/Lepophidion/Oct-03(3).jpg"
"Oct-13(2).jpg","Lutjanus peru","figs/2015/Otolitos_ Oct/Lutjanus peru/Oct-13(2).jpg"
"Oct-13(3).jpg","Lutjanus peru","figs/2015/Otolitos_ Oct/Lutjanus peru/Oct-13(3).jpg"
"Oct-13(4).jpg","Lutjanus peru","figs/2015/Otolitos_ Oct/Lutjanus peru/Oct-13(4).jpg"
"Oct-13(6).jpg","Lutjanus peru","figs/2015/Otolitos_ Oct/Lutjanus peru/Oct-13(6).jpg"
"Oct-18(4).jpg","Lutjanus peru","figs/2015/Otolitos_ Oct/Lutjanus peru/Oct-18(4).jpg"
"Oct-19(26).jpg","Lutjanus peru","figs/2015/Otolitos_ Oct/Lutjanus peru/Oct-19(26).jpg"
"Oct-19(28).jpg","Lutjanus peru","figs/2015/Otolitos_ Oct/Lutjanus peru/Oct-19(28).jpg"
"Oct-19(41).jpg","Lutjanus peru","figs/2015/Otolitos_ Oct/Lutjanus peru/Oct-19(41).jpg"
"Oct-28(1).jpg","Lutjanus peru","figs/2015/Otolitos_ Oct/Lutjanus peru/Oct-28(1).jpg"
"Oct-43(1).jpg","Lutjanus peru","figs/2015/Otolitos_ Oct/Lutjanus peru/Oct-43(1).jpg"
"Oct-60(5).jpg","Lutjanus peru","figs/2015/Otolitos_ Oct/Lutjanus peru/Oct-60(5).jpg"
"Oct-13(1).jpg","Lutjanus sp","figs/2015/Otolitos_ Oct/Lutjanus sp/Oct-13(1).jpg"
"Oct-13(5).jpg","Lutjanus sp","figs/2015/Otolitos_ Oct/Lutjanus sp/Oct-13(5).jpg"
"Oct-05(1).jpg","Opisthonema berlangai","figs/2015/Otolitos_ Oct/Opisthonema berlangai/Oct-05(1).jpg"
"Oct-05(2).jpg","Opisthonema berlangai","figs/2015/Otolitos_ Oct/Opisthonema berlangai/Oct-05(2).jpg"
"Oct-09(2).jpg","Opisthonema berlangai","figs/2015/Otolitos_ Oct/Opisthonema berlangai/Oct-09(2).jpg"
"Oct-37(1).jpg","Opisthonema berlangai","figs/2015/Otolitos_ Oct/Opisthonema berlangai/Oct-37(1).jpg"
"Oct-37(2).jpg","Opisthonema berlangai","figs/2015/Otolitos_ Oct/Opisthonema berlangai/Oct-37(2).jpg"
"Oct-38(1).jpg","Opisthonema berlangai","figs/2015/Otolitos_ Oct/Opisthonema berlangai/Oct-38(1).jpg"
"Oct-38(10).jpg","Opisthonema berlangai","figs/2015/Otolitos_ Oct/Opisthonema berlangai/Oct-38(10).jpg"
"Oct-38(2).jpg","Opisthonema berlangai","figs/2015/Otolitos_ Oct/Opisthonema berlangai/Oct-38(2).jpg"
"Oct-38(3).jpg","Opisthonema berlangai","figs/2015/Otolitos_ Oct/Opisthonema berlangai/Oct-38(3).jpg"
"Oct-38(4).jpg","Opisthonema berlangai","figs/2015/Otolitos_ Oct/Opisthonema berlangai/Oct-38(4).jpg"
"Oct-38(5).jpg","Opisthonema berlangai","figs/2015/Otolitos_ Oct/Opisthonema berlangai/Oct-38(5).jpg"
"Oct-38(6).jpg","Opisthonema berlangai","figs/2015/Otolitos_ Oct/Opisthonema berlangai/Oct-38(6).jpg"
"Oct-38(7).jpg","Opisthonema berlangai","figs/2015/Otolitos_ Oct/Opisthonema berlangai/Oct-38(7).jpg"
"Oct-38(8).jpg","Opisthonema berlangai","figs/2015/Otolitos_ Oct/Opisthonema berlangai/Oct-38(8).jpg"
"Oct-38(9).jpg","Opisthonema berlangai","figs/2015/Otolitos_ Oct/Opisthonema berlangai/Oct-38(9).jpg"
"Oct-39(1).jpg","Opisthonema berlangai","figs/2015/Otolitos_ Oct/Opisthonema berlangai/Oct-39(1).jpg"
"Oct-39(2).jpg","Opisthonema berlangai","figs/2015/Otolitos_ Oct/Opisthonema berlangai/Oct-39(2).jpg"
"Oct-39(4).jpg","Opisthonema berlangai","figs/2015/Otolitos_ Oct/Opisthonema berlangai/Oct-39(4).jpg"
"Oct-43(2).jpg","Opisthonema berlangai","figs/2015/Otolitos_ Oct/Opisthonema berlangai/Oct-43(2).jpg"
"Oct-43(3).jpg","Opisthonema berlangai","figs/2015/Otolitos_ Oct/Opisthonema berlangai/Oct-43(3).jpg"
"Oct-44(1).jpg","Opisthonema berlangai","figs/2015/Otolitos_ Oct/Opisthonema berlangai/Oct-44(1).jpg"
"Oct-45(2).jpg","Opisthonema berlangai","figs/2015/Otolitos_ Oct/Opisthonema berlangai/Oct-45(2).jpg"
"Oct-50(2).jpg","Opisthonema berlangai","figs/2015/Otolitos_ Oct/Opisthonema berlangai/Oct-50(2).jpg"
"Oct-51(2).jpg","Opisthonema berlangai","figs/2015/Otolitos_ Oct/Opisthonema berlangai/Oct-51(2).jpg"
"Oct-51(6).jpg","Opisthonema berlangai","figs/2015/Otolitos_ Oct/Opisthonema berlangai/Oct-51(6).jpg"
"Oct-51(8).jpg","Opisthonema berlangai","figs/2015/Otolitos_ Oct/Opisthonema berlangai/Oct-51(8).jpg"
"Oct-51(9).jpg","Opisthonema berlangai","figs/2015/Otolitos_ Oct/Opisthonema berlangai/Oct-51(9).jpg"
"Oct-54(1).jpg","Opisthonema berlangai","figs/2015/Otolitos_ Oct/Opisthonema berlangai/Oct-54(1).jpg"
"Oct-54(2).jpg","Opisthonema berlangai","figs/2015/Otolitos_ Oct/Opisthonema berlangai/Oct-54(2).jpg"
"Oct-55(1).jpg","Opisthonema berlangai","figs/2015/Otolitos_ Oct/Opisthonema berlangai/Oct-55(1).jpg"
"Oct-58(14).jpg","Opisthonema berlangai","figs/2015/Otolitos_ Oct/Opisthonema berlangai/Oct-58(14).jpg"
"Oct-60(1).jpg","Opisthonema berlangai","figs/2015/Otolitos_ Oct/Opisthonema berlangai/Oct-60(1).jpg"
"Oct-60(3).jpg","Opisthonema berlangai","figs/2015/Otolitos_ Oct/Opisthonema berlangai/Oct-60(3).jpg"
"Oct-60(4).jpg","Opisthonema berlangai","figs/2015/Otolitos_ Oct/Opisthonema berlangai/Oct-60(4).jpg"
"Oct-64(1).jpg","Opisthonema berlangai","figs/2015/Otolitos_ Oct/Opisthonema berlangai/Oct-64(1).jpg"
"Oct-64(2).jpg","Opisthonema berlangai","figs/2015/Otolitos_ Oct/Opisthonema berlangai/Oct-64(2).jpg"
"Oct-64(3).jpg","Opisthonema berlangai","figs/2015/Otolitos_ Oct/Opisthonema berlangai/Oct-64(3).jpg"
"Oct-64(4).jpg","Opisthonema berlangai","figs/2015/Otolitos_ Oct/Opisthonema berlangai/Oct-64(4).jpg"
"Oct-64(6).jpg","Opisthonema berlangai","figs/2015/Otolitos_ Oct/Opisthonema berlangai/Oct-64(6).jpg"
"Oct-66(1).jpg","Opisthonema berlangai","figs/2015/Otolitos_ Oct/Opisthonema berlangai/Oct-66(1).jpg"
"Oct-66(2).jpg","Opisthonema berlangai","figs/2015/Otolitos_ Oct/Opisthonema berlangai/Oct-66(2).jpg"
"Oct-66(3).jpg","Opisthonema berlangai","figs/2015/Otolitos_ Oct/Opisthonema berlangai/Oct-66(3).jpg"
"Oct-66(4).jpg","Opisthonema berlangai","figs/2015/Otolitos_ Oct/Opisthonema berlangai/Oct-66(4).jpg"
"Oct-67(4).jpg","Opisthonema berlangai","figs/2015/Otolitos_ Oct/Opisthonema berlangai/Oct-67(4).jpg"
"Oct-67(7).jpg","Opisthonema berlangai","figs/2015/Otolitos_ Oct/Opisthonema berlangai/Oct-67(7).jpg"
"Oct-67(8).jpg","Opisthonema berlangai","figs/2015/Otolitos_ Oct/Opisthonema berlangai/Oct-67(8).jpg"
"Oct-67(9).jpg","Opisthonema berlangai","figs/2015/Otolitos_ Oct/Opisthonema berlangai/Oct-67(9).jpg"
"Oct-06(1).jpg","Opisthosnathus galapaguensis ","figs/2015/Otolitos_ Oct/Opisthosnathus galapaguensis /Oct-06(1).jpg"
"Oct-08(1).jpg","Opisthosnathus galapaguensis ","figs/2015/Otolitos_ Oct/Opisthosnathus galapaguensis /Oct-08(1).jpg"
"Oct-30(2).jpg","Opisthosnathus galapaguensis ","figs/2015/Otolitos_ Oct/Opisthosnathus galapaguensis /Oct-30(2).jpg"
"Oct-52(2).jpg","Opisthosnathus galapaguensis ","figs/2015/Otolitos_ Oct/Opisthosnathus galapaguensis /Oct-52(2).jpg"
"Oct-19(57).jpg","Paralabrax","figs/2015/Otolitos_ Oct/Paralabrax/Oct-19(57).jpg"
"Oct-19(63).jpg","Paralabrax","figs/2015/Otolitos_ Oct/Paralabrax/Oct-19(63).jpg"
"Oct-20(6).jpg","Paralabrax","figs/2015/Otolitos_ Oct/Paralabrax/Oct-20(6).jpg"
"Oct-58(9).jpg","Paralabrax","figs/2015/Otolitos_ Oct/Paralabrax/Oct-58(9).jpg"
"Oct-03(2).jpg","Paranthias colonus","figs/2015/Otolitos_ Oct/Paranthias colonus/Oct-03(2).jpg"
"Oct-19(55).jpg","Paranthias colonus","figs/2015/Otolitos_ Oct/Paranthias colonus/Oct-19(55).jpg"
"Oct-20(14).jpg","Paranthias colonus","figs/2015/Otolitos_ Oct/Paranthias colonus/Oct-20(14).jpg"
"Oct-20(16).jpg","Paranthias colonus","figs/2015/Otolitos_ Oct/Paranthias colonus/Oct-20(16).jpg"
"Oct-33(1).jpg","Paranthias colonus","figs/2015/Otolitos_ Oct/Paranthias colonus/Oct-33(1).jpg"
"Oct-33(2).jpg","Paranthias colonus","figs/2015/Otolitos_ Oct/Paranthias colonus/Oct-33(2).jpg"
"Oct-33(3).jpg","Paranthias colonus","figs/2015/Otolitos_ Oct/Paranthias colonus/Oct-33(3).jpg"
"Oct-33(4).jpg","Paranthias colonus","figs/2015/Otolitos_ Oct/Paranthias colonus/Oct-33(4).jpg"
"Oct-52(1).jpg","Paranthias colonus","figs/2015/Otolitos_ Oct/Paranthias colonus/Oct-52(1).jpg"
"Oct-04(1).jpg","Pontinus clemensi","figs/2015/Otolitos_ Oct/Pontinus clemensi/Oct-04(1).jpg"
"Oct-04(2).jpg","Pontinus clemensi","figs/2015/Otolitos_ Oct/Pontinus clemensi/Oct-04(2).jpg"
"Oct-12(3).jpg","Pontinus clemensi","figs/2015/Otolitos_ Oct/Pontinus clemensi/Oct-12(3).jpg"
"Oct-18(10).jpg","Pontinus clemensi","figs/2015/Otolitos_ Oct/Pontinus clemensi/Oct-18(10).jpg"
"Oct-18(13).jpg","Pontinus clemensi","figs/2015/Otolitos_ Oct/Pontinus clemensi/Oct-18(13).jpg"
"Oct-18(14).jpg","Pontinus clemensi","figs/2015/Otolitos_ Oct/Pontinus clemensi/Oct-18(14).jpg"
"Oct-18(16).jpg","Pontinus clemensi","figs/2015/Otolitos_ Oct/Pontinus clemensi/Oct-18(16).jpg"
"Oct-18(17).jpg","Pontinus clemensi","figs/2015/Otolitos_ Oct/Pontinus clemensi/Oct-18(17).jpg"
"Oct-18(5).jpg","Pontinus clemensi","figs/2015/Otolitos_ Oct/Pontinus clemensi/Oct-18(5).jpg"
"Oct-18(8).jpg","Pontinus clemensi","figs/2015/Otolitos_ Oct/Pontinus clemensi/Oct-18(8).jpg"
"Oct-18(9).jpg","Pontinus clemensi","figs/2015/Otolitos_ Oct/Pontinus clemensi/Oct-18(9).jpg"
"Oct-19(33).jpg","Pontinus clemensi","figs/2015/Otolitos_ Oct/Pontinus clemensi/Oct-19(33).jpg"
"Oct-19(34).jpg","Pontinus clemensi","figs/2015/Otolitos_ Oct/Pontinus clemensi/Oct-19(34).jpg"
"Oct-19(37).jpg","Pontinus clemensi","figs/2015/Otolitos_ Oct/Pontinus clemensi/Oct-19(37).jpg"
"Oct-19(38).jpg","Pontinus clemensi","figs/2015/Otolitos_ Oct/Pontinus clemensi/Oct-19(38).jpg"
"Oct-19(39).jpg","Pontinus clemensi","figs/2015/Otolitos_ Oct/Pontinus clemensi/Oct-19(39).jpg"
"Oct-19(43).jpg","Pontinus clemensi","figs/2015/Otolitos_ Oct/Pontinus clemensi/Oct-19(43).jpg"
"Oct-19(45).jpg","Pontinus clemensi","figs/2015/Otolitos_ Oct/Pontinus clemensi/Oct-19(45).jpg"
"Oct-19(50).jpg","Pontinus clemensi","figs/2015/Otolitos_ Oct/Pontinus clemensi/Oct-19(50).jpg"
"Oct-19(67).jpg","Pontinus clemensi","figs/2015/Otolitos_ Oct/Pontinus clemensi/Oct-19(67).jpg"
"Oct-20(2).jpg","Pontinus clemensi","figs/2015/Otolitos_ Oct/Pontinus clemensi/Oct-20(2).jpg"
"Oct-20(5).jpg","Pontinus clemensi","figs/2015/Otolitos_ Oct/Pontinus clemensi/Oct-20(5).jpg"
"Oct-20(7).jpg","Pontinus clemensi","figs/2015/Otolitos_ Oct/Pontinus clemensi/Oct-20(7).jpg"
"Oct-20(8).jpg","Pontinus clemensi","figs/2015/Otolitos_ Oct/Pontinus clemensi/Oct-20(8).jpg"
"Oct-22(6).jpg","Pontinus clemensi","figs/2015/Otolitos_ Oct/Pontinus clemensi/Oct-22(6).jpg"
"Oct-23(1).jpg","Pontinus clemensi","figs/2015/Otolitos_ Oct/Pontinus clemensi/Oct-23(1).jpg"
"Oct-23(18).jpg","Pontinus clemensi","figs/2015/Otolitos_ Oct/Pontinus clemensi/Oct-23(18).jpg"
"Oct-23(23).jpg","Pontinus clemensi","figs/2015/Otolitos_ Oct/Pontinus clemensi/Oct-23(23).jpg"
"Oct-23(24).jpg","Pontinus clemensi","figs/2015/Otolitos_ Oct/Pontinus clemensi/Oct-23(24).jpg"
"Oct-23(3).jpg","Pontinus clemensi","figs/2015/Otolitos_ Oct/Pontinus clemensi/Oct-23(3).jpg"
"Oct-23(8).jpg","Pontinus clemensi","figs/2015/Otolitos_ Oct/Pontinus clemensi/Oct-23(8).jpg"
"Oct-30(1).jpg","Pontinus clemensi","figs/2015/Otolitos_ Oct/Pontinus clemensi/Oct-30(1).jpg"
"Oct-49(13).jpg","Pontinus clemensi","figs/2015/Otolitos_ Oct/Pontinus clemensi/Oct-49(13).jpg"
"Oct-49(14).jpg","Pontinus clemensi","figs/2015/Otolitos_ Oct/Pontinus clemensi/Oct-49(14).jpg"
"Oct-49(15).jpg","Pontinus clemensi","figs/2015/Otolitos_ Oct/Pontinus clemensi/Oct-49(15).jpg"
"Oct-49(16).jpg","Pontinus clemensi","figs/2015/Otolitos_ Oct/Pontinus clemensi/Oct-49(16).jpg"
"Oct-49(5).jpg","Pontinus clemensi","figs/2015/Otolitos_ Oct/Pontinus clemensi/Oct-49(5).jpg"
"Oct-15(1).jpg","Pronotogrammus multifasciatus","figs/2015/Otolitos_ Oct/Pronotogrammus multifasciatus/Oct-15(1).jpg"
"Oct-19(21).jpg","Pronotogrammus multifasciatus","figs/2015/Otolitos_ Oct/Pronotogrammus multifasciatus/Oct-19(21).jpg"
"Oct-19(47).jpg","Pronotogrammus multifasciatus","figs/2015/Otolitos_ Oct/Pronotogrammus multifasciatus/Oct-19(47).jpg"
"Oct-19(52).jpg","Pronotogrammus multifasciatus","figs/2015/Otolitos_ Oct/Pronotogrammus multifasciatus/Oct-19(52).jpg"
"Oct-19(64).jpg","Pronotogrammus multifasciatus","figs/2015/Otolitos_ Oct/Pronotogrammus multifasciatus/Oct-19(64).jpg"
"Oct-20(15).jpg","Pronotogrammus multifasciatus","figs/2015/Otolitos_ Oct/Pronotogrammus multifasciatus/Oct-20(15).jpg"
"Oct-20(17).jpg","Pronotogrammus multifasciatus","figs/2015/Otolitos_ Oct/Pronotogrammus multifasciatus/Oct-20(17).jpg"
"Oct-22(13).jpg","Pronotogrammus multifasciatus","figs/2015/Otolitos_ Oct/Pronotogrammus multifasciatus/Oct-22(13).jpg"
"Oct-27(3).jpg","Pronotogrammus multifasciatus","figs/2015/Otolitos_ Oct/Pronotogrammus multifasciatus/Oct-27(3).jpg"
"Oct-49(7).jpg","Pronotogrammus multifasciatus","figs/2015/Otolitos_ Oct/Pronotogrammus multifasciatus/Oct-49(7).jpg"
"Oct-53(1).jpg","Pronotogrammus multifasciatus","figs/2015/Otolitos_ Oct/Pronotogrammus multifasciatus/Oct-53(1).jpg"
"Oct-18(2).jpg","Sebastes","figs/2015/Otolitos_ Oct/Sebastes/Oct-18(2).jpg"
"Oct-19(54).jpg","Sebastes","figs/2015/Otolitos_ Oct/Sebastes/Oct-19(54).jpg"
"Oct-19(56).jpg","Sebastes","figs/2015/Otolitos_ Oct/Sebastes/Oct-19(56).jpg"
"Oct-19(58).jpg","Sebastes","figs/2015/Otolitos_ Oct/Sebastes/Oct-19(58).jpg"
"Oct-19(60).jpg","Sebastes","figs/2015/Otolitos_ Oct/Sebastes/Oct-19(60).jpg"
"Oct-19(61).jpg","Sebastes","figs/2015/Otolitos_ Oct/Sebastes/Oct-19(61).jpg"
"Oct-20(11).jpg","Sebastes","figs/2015/Otolitos_ Oct/Sebastes/Oct-20(11).jpg"
"Oct-20(3).jpg","Sebastes","figs/2015/Otolitos_ Oct/Sebastes/Oct-20(3).jpg"
"Oct-23(26).jpg","Sebastes","figs/2015/Otolitos_ Oct/Sebastes/Oct-23(26).jpg"
"Oct-24(2).jpg","Sebastes","figs/2015/Otolitos_ Oct/Sebastes/Oct-24(2).jpg"
"Oct-24(3).jpg","Sebastes","figs/2015/Otolitos_ Oct/Sebastes/Oct-24(3).jpg"
"Oct-27(1).jpg","Sebastes","figs/2015/Otolitos_ Oct/Sebastes/Oct-27(1).jpg"
"Oct-12(1).jpg","Selar crumenophthalmus","figs/2015/Otolitos_ Oct/Selar crumenophthalmus/Oct-12(1).jpg"
"Oct-12(2).jpg","Selar crumenophthalmus","figs/2015/Otolitos_ Oct/Selar crumenophthalmus/Oct-12(2).jpg"
"Oct-23(19).jpg","Selar crumenophthalmus","figs/2015/Otolitos_ Oct/Selar crumenophthalmus/Oct-23(19).jpg"
"Oct-23(20).jpg","Selar crumenophthalmus","figs/2015/Otolitos_ Oct/Selar crumenophthalmus/Oct-23(20).jpg"
"Oct-23(21).jpg","Selar crumenophthalmus","figs/2015/Otolitos_ Oct/Selar crumenophthalmus/Oct-23(21).jpg"
"Oct-23(25).jpg","Selar crumenophthalmus","figs/2015/Otolitos_ Oct/Selar crumenophthalmus/Oct-23(25).jpg"
"Oct-23(27).jpg","Selar crumenophthalmus","figs/2015/Otolitos_ Oct/Selar crumenophthalmus/Oct-23(27).jpg"
"Oct-23(6).jpg","Selar crumenophthalmus","figs/2015/Otolitos_ Oct/Selar crumenophthalmus/Oct-23(6).jpg"
"Oct-19(18).jpg","Serranus","figs/2015/Otolitos_ Oct/Serranus/Oct-19(18).jpg"
"Oct-31(1).jpg","Serranus","figs/2015/Otolitos_ Oct/Serranus/Oct-31(1).jpg"
"Oct-31(10).jpg","Serranus","figs/2015/Otolitos_ Oct/Serranus/Oct-31(10).jpg"
"Oct-31(11).jpg","Serranus","figs/2015/Otolitos_ Oct/Serranus/Oct-31(11).jpg"
"Oct-31(12).jpg","Serranus","figs/2015/Otolitos_ Oct/Serranus/Oct-31(12).jpg"
"Oct-31(13).jpg","Serranus","figs/2015/Otolitos_ Oct/Serranus/Oct-31(13).jpg"
"Oct-31(14).jpg","Serranus","figs/2015/Otolitos_ Oct/Serranus/Oct-31(14).jpg"
"Oct-31(15).jpg","Serranus","figs/2015/Otolitos_ Oct/Serranus/Oct-31(15).jpg"
"Oct-31(2).jpg","Serranus","figs/2015/Otolitos_ Oct/Serranus/Oct-31(2).jpg"
"Oct-31(3).jpg","Serranus","figs/2015/Otolitos_ Oct/Serranus/Oct-31(3).jpg"
"Oct-31(4).jpg","Serranus","figs/2015/Otolitos_ Oct/Serranus/Oct-31(4).jpg"
"Oct-31(5).jpg","Serranus","figs/2015/Otolitos_ Oct/Serranus/Oct-31(5).jpg"
"Oct-31(6).jpg","Serranus","figs/2015/Otolitos_ Oct/Serranus/Oct-31(6).jpg"
"Oct-31(7).jpg","Serranus","figs/2015/Otolitos_ Oct/Serranus/Oct-31(7).jpg"
"Oct-31(8).jpg","Serranus","figs/2015/Otolitos_ Oct/Serranus/Oct-31(8).jpg"
"Oct-31(9).jpg","Serranus","figs/2015/Otolitos_ Oct/Serranus/Oct-31(9).jpg"
"Oct-45(1).jpg","Serranus","figs/2015/Otolitos_ Oct/Serranus/Oct-45(1).jpg"
"Oct-45(3).jpg","Serranus","figs/2015/Otolitos_ Oct/Serranus/Oct-45(3).jpg"
"Oct-45(4).jpg","Serranus","figs/2015/Otolitos_ Oct/Serranus/Oct-45(4).jpg"
"Oct-49(4).jpg","Serranus","figs/2015/Otolitos_ Oct/Serranus/Oct-49(4).jpg"
"Oct-51(1).jpg","Serranus","figs/2015/Otolitos_ Oct/Serranus/Oct-51(1).jpg"
"Oct-51(3).jpg","Serranus","figs/2015/Otolitos_ Oct/Serranus/Oct-51(3).jpg"
"Oct-51(4).jpg","Serranus","figs/2015/Otolitos_ Oct/Serranus/Oct-51(4).jpg"
"Oct-51(5).jpg","Serranus","figs/2015/Otolitos_ Oct/Serranus/Oct-51(5).jpg"
"Oct-51(7).jpg","Serranus","figs/2015/Otolitos_ Oct/Serranus/Oct-51(7).jpg"
"Oct-64(5).jpg","Serranus","figs/2015/Otolitos_ Oct/Serranus/Oct-64(5).jpg"
"Oct-64(7).jpg","Serranus","figs/2015/Otolitos_ Oct/Serranus/Oct-64(7).jpg"
"Oct-64(8).jpg","Serranus","figs/2015/Otolitos_ Oct/Serranus/Oct-64(8).jpg"
"Oct-67(1).jpg","Serranus","figs/2015/Otolitos_ Oct/Serranus/Oct-67(1).jpg"
"Oct-67(10).jpg","Serranus","figs/2015/Otolitos_ Oct/Serranus/Oct-67(10).jpg"
"Oct-67(2).jpg","Serranus","figs/2015/Otolitos_ Oct/Serranus/Oct-67(2).jpg"
"Oct-67(3).jpg","Serranus","figs/2015/Otolitos_ Oct/Serranus/Oct-67(3).jpg"
"Oct-67(5).jpg","Serranus","figs/2015/Otolitos_ Oct/Serranus/Oct-67(5).jpg"
"Oct-67(6).jpg","Serranus","figs/2015/Otolitos_ Oct/Serranus/Oct-67(6).jpg"
"Oct-06(2).jpg","Spp1","figs/2015/Otolitos_ Oct/Spp1/Oct-06(2).jpg"
"Oct-11(1).jpg","Spp2","figs/2015/Otolitos_ Oct/Spp2/Oct-11(1).jpg"
"Oct-27(4).jpg","Spp2","figs/2015/Otolitos_ Oct/Spp2/Oct-27(4).jpg"
"Oct-39(3).jpg","Spp2","figs/2015/Otolitos_ Oct/Spp2/Oct-39(3).jpg"
"Oct-18(15).jpg","Spp3","figs/2015/Otolitos_ Oct/Spp3/Oct-18(15).jpg"
"Oct-19(15).jpg","Spp3","figs/2015/Otolitos_ Oct/Spp3/Oct-19(15).jpg"
"Oct-19(48).jpg","Spp3","figs/2015/Otolitos_ Oct/Spp3/Oct-19(48).jpg"
"Oct-19(49).jpg","Spp3","figs/2015/Otolitos_ Oct/Spp3/Oct-19(49).jpg"
"Oct-19(51).jpg","Spp3","figs/2015/Otolitos_ Oct/Spp3/Oct-19(51).jpg"
"Oct-19(65).jpg","Spp3","figs/2015/Otolitos_ Oct/Spp3/Oct-19(65).jpg"
"Oct-19(66).jpg","Spp3","figs/2015/Otolitos_ Oct/Spp3/Oct-19(66).jpg"
"Oct-10(6).jpg","Spp4","figs/2015/Otolitos_ Oct/Spp4/Oct-10(6).jpg"
"Oct-20(4).jpg","Spp4","figs/2015/Otolitos_ Oct/Spp4/Oct-20(4).jpg"
"Oct-23(12).jpg","Spp5","figs/2015/Otolitos_ Oct/Spp5/Oct-23(12).jpg"
"Oct-23(28).jpg","Spp5","figs/2015/Otolitos_ Oct/Spp5/Oct-23(28).jpg"
"Oct-27(2).jpg","Spp5","figs/2015/Otolitos_ Oct/Spp5/Oct-27(2).jpg"
"Oct-23(11).jpg","Spp6","figs/2015/Otolitos_ Oct/Spp6/Oct-23(11).jpg"
"Oct-60(2).jpg","Symphurus sp","figs/2015/Otolitos_ Oct/Symphurus sp/Oct-60(2).jpg"
"Oct-19(22).jpg","Synodus","figs/2015/Otolitos_ Oct/Synodus/Oct-19(22).jpg"
"Oct-40(10).jpg","Synodus","figs/2015/Otolitos_ Oct/Synodus/Oct-40(10).jpg"
"Oct-40(11).jpg","Synodus","figs/2015/Otolitos_ Oct/Synodus/Oct-40(11).jpg"
"Oct-40(12).jpg","Synodus","figs/2015/Otolitos_ Oct/Synodus/Oct-40(12).jpg"
"Oct-40(13).jpg","Synodus","figs/2015/Otolitos_ Oct/Synodus/Oct-40(13).jpg"
"Oct-40(14).jpg","Synodus","figs/2015/Otolitos_ Oct/Synodus/Oct-40(14).jpg"
"Oct-40(15).jpg","Synodus","figs/2015/Otolitos_ Oct/Synodus/Oct-40(15).jpg"
"Oct-40(16).jpg","Synodus","figs/2015/Otolitos_ Oct/Synodus/Oct-40(16).jpg"
"Oct-40(17).jpg","Synodus","figs/2015/Otolitos_ Oct/Synodus/Oct-40(17).jpg"
"Oct-40(4).jpg","Synodus","figs/2015/Otolitos_ Oct/Synodus/Oct-40(4).jpg"
"Oct-40(5).jpg","Synodus","figs/2015/Otolitos_ Oct/Synodus/Oct-40(5).jpg"
"Oct-40(6).jpg","Synodus","figs/2015/Otolitos_ Oct/Synodus/Oct-40(6).jpg"
"Oct-40(7).jpg","Synodus","figs/2015/Otolitos_ Oct/Synodus/Oct-40(7).jpg"
"Oct-40(8).jpg","Synodus","figs/2015/Otolitos_ Oct/Synodus/Oct-40(8).jpg"
"Oct-40(9).jpg","Synodus","figs/2015/Otolitos_ Oct/Synodus/Oct-40(9).jpg"
"Oct-10(5).jpg","Vinciguerria lucetia","figs/2015/Otolitos_ Oct/Vinciguerria lucetia/Oct-10(5).jpg"
"Oct-23(2).jpg","Vinciguerria lucetia","figs/2015/Otolitos_ Oct/Vinciguerria lucetia/Oct-23(2).jpg"
"Oct-23(4).jpg","Vinciguerria lucetia","figs/2015/Otolitos_ Oct/Vinciguerria lucetia/Oct-23(4).jpg"
"Oct-34(1).jpg","Vinciguerria lucetia","figs/2015/Otolitos_ Oct/Vinciguerria lucetia/Oct-34(1).jpg"
"Oct-34(10).jpg","Vinciguerria lucetia","figs/2015/Otolitos_ Oct/Vinciguerria lucetia/Oct-34(10).jpg"
"Oct-34(11).jpg","Vinciguerria lucetia","figs/2015/Otolitos_ Oct/Vinciguerria lucetia/Oct-34(11).jpg"
"Oct-34(12).jpg","Vinciguerria lucetia","figs/2015/Otolitos_ Oct/Vinciguerria lucetia/Oct-34(12).jpg"
"Oct-34(13).jpg","Vinciguerria lucetia","figs/2015/Otolitos_ Oct/Vinciguerria lucetia/Oct-34(13).jpg"
"Oct-34(14).jpg","Vinciguerria lucetia","figs/2015/Otolitos_ Oct/Vinciguerria lucetia/Oct-34(14).jpg"
"Oct-34(2).jpg","Vinciguerria lucetia","figs/2015/Otolitos_ Oct/Vinciguerria lucetia/Oct-34(2).jpg"
"Oct-34(3).jpg","Vinciguerria lucetia","figs/2015/Otolitos_ Oct/Vinciguerria lucetia/Oct-34(3).jpg"
"Oct-34(4).jpg","Vinciguerria lucetia","figs/2015/Otolitos_ Oct/Vinciguerria lucetia/Oct-34(4).jpg"
"Oct-34(5).jpg","Vinciguerria lucetia","figs/2015/Otolitos_ Oct/Vinciguerria lucetia/Oct-34(5).jpg"
"Oct-34(6).jpg","Vinciguerria lucetia","figs/2015/Otolitos_ Oct/Vinciguerria lucetia/Oct-34(6).jpg"
"Oct-34(7).jpg","Vinciguerria lucetia","figs/2015/Otolitos_ Oct/Vinciguerria lucetia/Oct-34(7).jpg"
"Oct-34(8).jpg","Vinciguerria lucetia","figs/2015/Otolitos_ Oct/Vinciguerria lucetia/Oct-34(8).jpg"
"Oct-34(9).jpg","Vinciguerria lucetia","figs/2015/Otolitos_ Oct/Vinciguerria lucetia/Oct-34(9).jpg"
"Oct-48(1).jpg","Vinciguerria lucetia","figs/2015/Otolitos_ Oct/Vinciguerria lucetia/Oct-48(1).jpg"
"Oct-50(1).jpg","Vinciguerria lucetia","figs/2015/Otolitos_ Oct/Vinciguerria lucetia/Oct-50(1).jpg"
"Oct-50(3).jpg","Vinciguerria lucetia","figs/2015/Otolitos_ Oct/Vinciguerria lucetia/Oct-50(3).jpg"
"Oct-23(10).jpg","Xenichthys agassizi","figs/2015/Otolitos_ Oct/Xenichthys agassizi/Oct-23(10).jpg"
"Nov-29(27).jpg","Apogon","figs/2015/Otolitos-Nov/Apogon/Nov-29(27).jpg"
"Nov44(3).jpg","Apogon","figs/2015/Otolitos-Nov/Apogon/Nov44(3).jpg"
"nov46(20).jpg","Apogon","figs/2015/Otolitos-Nov/Apogon/nov46(20).jpg"
"Nov-29(14).jpg","Bellator","figs/2015/Otolitos-Nov/Bellator/Nov-29(14).jpg"
"Nov58(1).jpg","Brotula clarcae","figs/2015/Otolitos-Nov/Brotula clarcae/Nov58(1).jpg"
"Nov49(3).jpg","crustaceos","figs/2015/Otolitos-Nov/crustaceos/Nov49(3).jpg"
"Nov-06(1).jpg","Diplectrum","figs/2015/Otolitos-Nov/Diplectrum/Nov-06(1).jpg"
"Nov-06(13).jpg","Diplectrum","figs/2015/Otolitos-Nov/Diplectrum/Nov-06(13).jpg"
"Nov-25(9).jpg","Diplectrum","figs/2015/Otolitos-Nov/Diplectrum/Nov-25(9).jpg"
"Nov-14(6).jpg","Epinephelus sp","figs/2015/Otolitos-Nov/Epinephelus sp/Nov-14(6).jpg"
"Nov-15(2).jpg","Epinephelus sp","figs/2015/Otolitos-Nov/Epinephelus sp/Nov-15(2).jpg"
"Nov-17(1).jpg","Epinephelus sp","figs/2015/Otolitos-Nov/Epinephelus sp/Nov-17(1).jpg"
"Nov-17(10).jpg","Epinephelus sp","figs/2015/Otolitos-Nov/Epinephelus sp/Nov-17(10).jpg"
"nov-17(5).jpg","Epinephelus sp","figs/2015/Otolitos-Nov/Epinephelus sp/nov-17(5).jpg"
"Nov-25(3).jpg","Epinephelus sp","figs/2015/Otolitos-Nov/Epinephelus sp/Nov-25(3).jpg"
"Nov-25(4).jpg","Epinephelus sp","figs/2015/Otolitos-Nov/Epinephelus sp/Nov-25(4).jpg"
"Nov-17(12).jpg","Haemulon","figs/2015/Otolitos-Nov/Haemulon/Nov-17(12).jpg"
"Nov-25(2).jpg","Haemulon","figs/2015/Otolitos-Nov/Haemulon/Nov-25(2).jpg"
"Nov47(2).jpg","Haemulon","figs/2015/Otolitos-Nov/Haemulon/Nov47(2).jpg"
"Nov-17(9).jpg","Kyphosys elegans","figs/2015/Otolitos-Nov/Kyphosys elegans/Nov-17(9).jpg"
"Nov-21(3).jpg","Kyphosys elegans","figs/2015/Otolitos-Nov/Kyphosys elegans/Nov-21(3).jpg"
"nov56(3).jpg","Kyphosys elegans","figs/2015/Otolitos-Nov/Kyphosys elegans/nov56(3).jpg"
"Nov-23(5).jpg","Leophidium sp","figs/2015/Otolitos-Nov/Leophidium sp/Nov-23(5).jpg"
"Nov-29(19).jpg","Leophidium sp","figs/2015/Otolitos-Nov/Leophidium sp/Nov-29(19).jpg"
"Nov-32(11).jpg","Leophidium sp","figs/2015/Otolitos-Nov/Leophidium sp/Nov-32(11).jpg"
"Nov48(55).jpg","Leophidium sp","figs/2015/Otolitos-Nov/Leophidium sp/Nov48(55).jpg"
"Nov48(64).jpg","Leophidium sp","figs/2015/Otolitos-Nov/Leophidium sp/Nov48(64).jpg"
"Nov48(1).jpg","Lutjanus peru","figs/2015/Otolitos-Nov/Lutjanus peru/Nov48(1).jpg"
"Nov58(3).jpg","Lutjanus peru","figs/2015/Otolitos-Nov/Lutjanus peru/Nov58(3).jpg"
"Nov-29(16).jpg","Opisthognathus galapagensis","figs/2015/Otolitos-Nov/Opisthognathus galapagensis/Nov-29(16).jpg"
"Nov-29(21).jpg","Opisthognathus galapagensis","figs/2015/Otolitos-Nov/Opisthognathus galapagensis/Nov-29(21).jpg"
"Nov-29(22).jpg","Opisthognathus galapagensis","figs/2015/Otolitos-Nov/Opisthognathus galapagensis/Nov-29(22).jpg"
"Nov47(1).jpg","Opisthognathus galapagensis","figs/2015/Otolitos-Nov/Opisthognathus galapagensis/Nov47(1).jpg"
"Nov-07(1).jpg","Opisthonema berlangai","figs/2015/Otolitos-Nov/Opisthonema berlangai/Nov-07(1).jpg"
"Nov-07(10).jpg","Opisthonema berlangai","figs/2015/Otolitos-Nov/Opisthonema berlangai/Nov-07(10).jpg"
"Nov-07(2).jpg","Opisthonema berlangai","figs/2015/Otolitos-Nov/Opisthonema berlangai/Nov-07(2).jpg"
"Nov-07(3).jpg","Opisthonema berlangai","figs/2015/Otolitos-Nov/Opisthonema berlangai/Nov-07(3).jpg"
"Nov-07(4).jpg","Opisthonema berlangai","figs/2015/Otolitos-Nov/Opisthonema berlangai/Nov-07(4).jpg"
"nov-07(5).jpg","Opisthonema berlangai","figs/2015/Otolitos-Nov/Opisthonema berlangai/nov-07(5).jpg"
"Nov-07(7).jpg","Opisthonema berlangai","figs/2015/Otolitos-Nov/Opisthonema berlangai/Nov-07(7).jpg"
"Nov-07(8).jpg","Opisthonema berlangai","figs/2015/Otolitos-Nov/Opisthonema berlangai/Nov-07(8).jpg"
"Nov-07(9).jpg","Opisthonema berlangai","figs/2015/Otolitos-Nov/Opisthonema berlangai/Nov-07(9).jpg"
"Nov-18(7).jpg","Opisthonema berlangai","figs/2015/Otolitos-Nov/Opisthonema berlangai/Nov-18(7).jpg"
"Nov-20(1).jpg","Opisthonema berlangai","figs/2015/Otolitos-Nov/Opisthonema berlangai/Nov-20(1).jpg"
"Nov-20(2).jpg","Opisthonema berlangai","figs/2015/Otolitos-Nov/Opisthonema berlangai/Nov-20(2).jpg"
"Nov-21(1).jpg","Opisthonema berlangai","figs/2015/Otolitos-Nov/Opisthonema berlangai/Nov-21(1).jpg"
"Nov-23(6).jpg","Opisthonema berlangai","figs/2015/Otolitos-Nov/Opisthonema berlangai/Nov-23(6).jpg"
"Nov-29(6).jpg","Opisthonema berlangai","figs/2015/Otolitos-Nov/Opisthonema berlangai/Nov-29(6).jpg"
"Nov48(5).jpg","Opisthonema berlangai","figs/2015/Otolitos-Nov/Opisthonema berlangai/Nov48(5).jpg"
"Nov52(1).jpg","Opisthonema berlangai","figs/2015/Otolitos-Nov/Opisthonema berlangai/Nov52(1).jpg"
"Nov52(2).jpg","Opisthonema berlangai","figs/2015/Otolitos-Nov/Opisthonema berlangai/Nov52(2).jpg"
"Nov58(10).jpg","Opisthonema berlangai","figs/2015/Otolitos-Nov/Opisthonema berlangai/Nov58(10).jpg"
"Nov58(5).jpg","Opisthonema berlangai","figs/2015/Otolitos-Nov/Opisthonema berlangai/Nov58(5).jpg"
"Nov58(6).jpg","Opisthonema berlangai","figs/2015/Otolitos-Nov/Opisthonema berlangai/Nov58(6).jpg"
"Nov58(7).jpg","Opisthonema berlangai","figs/2015/Otolitos-Nov/Opisthonema berlangai/Nov58(7).jpg"
"Nov58(8).jpg","Opisthonema berlangai","figs/2015/Otolitos-Nov/Opisthonema berlangai/Nov58(8).jpg"
"Nov58(9).jpg","Opisthonema berlangai","figs/2015/Otolitos-Nov/Opisthonema berlangai/Nov58(9).jpg"
"Nov59(1).jpg","Opisthonema berlangai","figs/2015/Otolitos-Nov/Opisthonema berlangai/Nov59(1).jpg"
"Nov59(2).jpg","Opisthonema berlangai","figs/2015/Otolitos-Nov/Opisthonema berlangai/Nov59(2).jpg"
"Nov59(3).jpg","Opisthonema berlangai","figs/2015/Otolitos-Nov/Opisthonema berlangai/Nov59(3).jpg"
"Nov59(4).jpg","Opisthonema berlangai","figs/2015/Otolitos-Nov/Opisthonema berlangai/Nov59(4).jpg"
"Nov59(5).jpg","Opisthonema berlangai","figs/2015/Otolitos-Nov/Opisthonema berlangai/Nov59(5).jpg"
"Nov59(6).jpg","Opisthonema berlangai","figs/2015/Otolitos-Nov/Opisthonema berlangai/Nov59(6).jpg"
"Nov60(1).jpg","Opisthonema berlangai","figs/2015/Otolitos-Nov/Opisthonema berlangai/Nov60(1).jpg"
"Nov-02(1).jpg","Paralabrax","figs/2015/Otolitos-Nov/Paralabrax/Nov-02(1).jpg"
"Nov-02(2).jpg","Paralabrax","figs/2015/Otolitos-Nov/Paralabrax/Nov-02(2).jpg"
"Nov-02(3).jpg","Paralabrax","figs/2015/Otolitos-Nov/Paralabrax/Nov-02(3).jpg"
"Nov-02(4).jpg","Paralabrax","figs/2015/Otolitos-Nov/Paralabrax/Nov-02(4).jpg"
"Nov-02(5).jpg","Paralabrax","figs/2015/Otolitos-Nov/Paralabrax/Nov-02(5).jpg"
"Nov-02(6).jpg","Paralabrax","figs/2015/Otolitos-Nov/Paralabrax/Nov-02(6).jpg"
"Nov-02(7).jpg","Paralabrax","figs/2015/Otolitos-Nov/Paralabrax/Nov-02(7).jpg"
"Nov-02(8).jpg","Paralabrax","figs/2015/Otolitos-Nov/Paralabrax/Nov-02(8).jpg"
"Nov-02(9).jpg","Paralabrax","figs/2015/Otolitos-Nov/Paralabrax/Nov-02(9).jpg"
"Nov-09(1).jpg","Paralabrax","figs/2015/Otolitos-Nov/Paralabrax/Nov-09(1).jpg"
"Nov-09(10).jpg","Paralabrax","figs/2015/Otolitos-Nov/Paralabrax/Nov-09(10).jpg"
"Nov-09(11).jpg","Paralabrax","figs/2015/Otolitos-Nov/Paralabrax/Nov-09(11).jpg"
"Nov-09(12).jpg","Paralabrax","figs/2015/Otolitos-Nov/Paralabrax/Nov-09(12).jpg"
"Nov-09(13).jpg","Paralabrax","figs/2015/Otolitos-Nov/Paralabrax/Nov-09(13).jpg"
"Nov-09(14).jpg","Paralabrax","figs/2015/Otolitos-Nov/Paralabrax/Nov-09(14).jpg"
"Nov-09(15).jpg","Paralabrax","figs/2015/Otolitos-Nov/Paralabrax/Nov-09(15).jpg"
"Nov-09(2).jpg","Paralabrax","figs/2015/Otolitos-Nov/Paralabrax/Nov-09(2).jpg"
"Nov-09(3).jpg","Paralabrax","figs/2015/Otolitos-Nov/Paralabrax/Nov-09(3).jpg"
"Nov-09(4).jpg","Paralabrax","figs/2015/Otolitos-Nov/Paralabrax/Nov-09(4).jpg"
"Nov-09(5).jpg","Paralabrax","figs/2015/Otolitos-Nov/Paralabrax/Nov-09(5).jpg"
"Nov-09(6).jpg","Paralabrax","figs/2015/Otolitos-Nov/Paralabrax/Nov-09(6).jpg"
"Nov-09(7).jpg","Paralabrax","figs/2015/Otolitos-Nov/Paralabrax/Nov-09(7).jpg"
"Nov-09(8).jpg","Paralabrax","figs/2015/Otolitos-Nov/Paralabrax/Nov-09(8).jpg"
"Nov-09(9).jpg","Paralabrax","figs/2015/Otolitos-Nov/Paralabrax/Nov-09(9).jpg"
"Nov-15(3).jpg","Paralabrax","figs/2015/Otolitos-Nov/Paralabrax/Nov-15(3).jpg"
"Nov-22(10).jpg","Paralabrax","figs/2015/Otolitos-Nov/Paralabrax/Nov-22(10).jpg"
"Nov-23(1).jpg","Paralabrax","figs/2015/Otolitos-Nov/Paralabrax/Nov-23(1).jpg"
"Nov-23(2).jpg","Paralabrax","figs/2015/Otolitos-Nov/Paralabrax/Nov-23(2).jpg"
"Nov-23(3).jpg","Paralabrax","figs/2015/Otolitos-Nov/Paralabrax/Nov-23(3).jpg"
"Nov-23(4).jpg","Paralabrax","figs/2015/Otolitos-Nov/Paralabrax/Nov-23(4).jpg"
"Nov-23(7).jpg","Paralabrax","figs/2015/Otolitos-Nov/Paralabrax/Nov-23(7).jpg"
"Nov-23(8).jpg","Paralabrax","figs/2015/Otolitos-Nov/Paralabrax/Nov-23(8).jpg"
"nov-29(1).jpg","Paralabrax","figs/2015/Otolitos-Nov/Paralabrax/nov-29(1).jpg"
"Nov-29(2).jpg","Paralabrax","figs/2015/Otolitos-Nov/Paralabrax/Nov-29(2).jpg"
"Nov-29(24).jpg","Paralabrax","figs/2015/Otolitos-Nov/Paralabrax/Nov-29(24).jpg"
"Nov-29(28).jpg","Paralabrax","figs/2015/Otolitos-Nov/Paralabrax/Nov-29(28).jpg"
"Nov-33(1).jpg","Paralabrax","figs/2015/Otolitos-Nov/Paralabrax/Nov-33(1).jpg"
"Nov42(2).jpg","Paralabrax","figs/2015/Otolitos-Nov/Paralabrax/Nov42(2).jpg"
"Nov42(3).jpg","Paralabrax","figs/2015/Otolitos-Nov/Paralabrax/Nov42(3).jpg"
"Nov52(3).jpg","Paralabrax","figs/2015/Otolitos-Nov/Paralabrax/Nov52(3).jpg"
"Nov-03(1).jpg","Paranthias colonus","figs/2015/Otolitos-Nov/Paranthias colonus/Nov-03(1).jpg"
"Nov-03(2).jpg","Paranthias colonus","figs/2015/Otolitos-Nov/Paranthias colonus/Nov-03(2).jpg"
"Nov-06(11).jpg","Paranthias colonus","figs/2015/Otolitos-Nov/Paranthias colonus/Nov-06(11).jpg"
"Nov-06(14).jpg","Paranthias colonus","figs/2015/Otolitos-Nov/Paranthias colonus/Nov-06(14).jpg"
"Nov-06(15).jpg","Paranthias colonus","figs/2015/Otolitos-Nov/Paranthias colonus/Nov-06(15).jpg"
"Nov-06(16).jpg","Paranthias colonus","figs/2015/Otolitos-Nov/Paranthias colonus/Nov-06(16).jpg"
"Nov-06(19).jpg","Paranthias colonus","figs/2015/Otolitos-Nov/Paranthias colonus/Nov-06(19).jpg"
"Nov-06(3).jpg","Paranthias colonus","figs/2015/Otolitos-Nov/Paranthias colonus/Nov-06(3).jpg"
"Nov-06(4).jpg","Paranthias colonus","figs/2015/Otolitos-Nov/Paranthias colonus/Nov-06(4).jpg"
"Nov-06(5).jpg","Paranthias colonus","figs/2015/Otolitos-Nov/Paranthias colonus/Nov-06(5).jpg"
"Nov-06(6).jpg","Paranthias colonus","figs/2015/Otolitos-Nov/Paranthias colonus/Nov-06(6).jpg"
"Nov-06(8).jpg","Paranthias colonus","figs/2015/Otolitos-Nov/Paranthias colonus/Nov-06(8).jpg"
"Nov-06(9).jpg","Paranthias colonus","figs/2015/Otolitos-Nov/Paranthias colonus/Nov-06(9).jpg"
"Nov-07(6).jpg","Paranthias colonus","figs/2015/Otolitos-Nov/Paranthias colonus/Nov-07(6).jpg"
"Nov-08(1).jpg","Paranthias colonus","figs/2015/Otolitos-Nov/Paranthias colonus/Nov-08(1).jpg"
"Nov-08(2).jpg","Paranthias colonus","figs/2015/Otolitos-Nov/Paranthias colonus/Nov-08(2).jpg"
"Nov-13(1).jpg","Paranthias colonus","figs/2015/Otolitos-Nov/Paranthias colonus/Nov-13(1).jpg"
"Nov-13(2).jpg","Paranthias colonus","figs/2015/Otolitos-Nov/Paranthias colonus/Nov-13(2).jpg"
"Nov-13(3).jpg","Paranthias colonus","figs/2015/Otolitos-Nov/Paranthias colonus/Nov-13(3).jpg"
"Nov-14(10).jpg","Paranthias colonus","figs/2015/Otolitos-Nov/Paranthias colonus/Nov-14(10).jpg"
"Nov-14(11).jpg","Paranthias colonus","figs/2015/Otolitos-Nov/Paranthias colonus/Nov-14(11).jpg"
"Nov-14(7).jpg","Paranthias colonus","figs/2015/Otolitos-Nov/Paranthias colonus/Nov-14(7).jpg"
"Nov-14(8).jpg","Paranthias colonus","figs/2015/Otolitos-Nov/Paranthias colonus/Nov-14(8).jpg"
"Nov-14(9).jpg","Paranthias colonus","figs/2015/Otolitos-Nov/Paranthias colonus/Nov-14(9).jpg"
"Nov-17(13).jpg","Paranthias colonus","figs/2015/Otolitos-Nov/Paranthias colonus/Nov-17(13).jpg"
"Nov-17(14).jpg","Paranthias colonus","figs/2015/Otolitos-Nov/Paranthias colonus/Nov-17(14).jpg"
"Nov-17(15).jpg","Paranthias colonus","figs/2015/Otolitos-Nov/Paranthias colonus/Nov-17(15).jpg"
"Nov-17(16).jpg","Paranthias colonus","figs/2015/Otolitos-Nov/Paranthias colonus/Nov-17(16).jpg"
"Nov-17(17).jpg","Paranthias colonus","figs/2015/Otolitos-Nov/Paranthias colonus/Nov-17(17).jpg"
"Nov-17(18).jpg","Paranthias colonus","figs/2015/Otolitos-Nov/Paranthias colonus/Nov-17(18).jpg"
"Nov-17(19).jpg","Paranthias colonus","figs/2015/Otolitos-Nov/Paranthias colonus/Nov-17(19).jpg"
"Nov-17(20).jpg","Paranthias colonus","figs/2015/Otolitos-Nov/Paranthias colonus/Nov-17(20).jpg"
"Nov-17(21).jpg","Paranthias colonus","figs/2015/Otolitos-Nov/Paranthias colonus/Nov-17(21).jpg"
"Nov-17(22).jpg","Paranthias colonus","figs/2015/Otolitos-Nov/Paranthias colonus/Nov-17(22).jpg"
"Nov-17(23).jpg","Paranthias colonus","figs/2015/Otolitos-Nov/Paranthias colonus/Nov-17(23).jpg"
"Nov-17(24).jpg","Paranthias colonus","figs/2015/Otolitos-Nov/Paranthias colonus/Nov-17(24).jpg"
"nov-17(25).jpg","Paranthias colonus","figs/2015/Otolitos-Nov/Paranthias colonus/nov-17(25).jpg"
"Nov-17(26).jpg","Paranthias colonus","figs/2015/Otolitos-Nov/Paranthias colonus/Nov-17(26).jpg"
"Nov-17(27).jpg","Paranthias colonus","figs/2015/Otolitos-Nov/Paranthias colonus/Nov-17(27).jpg"
"Nov-29(8).jpg","Paranthias colonus","figs/2015/Otolitos-Nov/Paranthias colonus/Nov-29(8).jpg"
"Nov-34(1).jpg","Paranthias colonus","figs/2015/Otolitos-Nov/Paranthias colonus/Nov-34(1).jpg"
"Nov-34(2).jpg","Paranthias colonus","figs/2015/Otolitos-Nov/Paranthias colonus/Nov-34(2).jpg"
"Nov45(1).jpg","Paranthias colonus","figs/2015/Otolitos-Nov/Paranthias colonus/Nov45(1).jpg"
"Nov45(2).jpg","Paranthias colonus","figs/2015/Otolitos-Nov/Paranthias colonus/Nov45(2).jpg"
"Nov45(4).jpg","Paranthias colonus","figs/2015/Otolitos-Nov/Paranthias colonus/Nov45(4).jpg"
"Nov49(1).jpg","Paranthias colonus","figs/2015/Otolitos-Nov/Paranthias colonus/Nov49(1).jpg"
"Nov49(2).jpg","Paranthias colonus","figs/2015/Otolitos-Nov/Paranthias colonus/Nov49(2).jpg"
"Nov55(1).jpg","Paranthias colonus","figs/2015/Otolitos-Nov/Paranthias colonus/Nov55(1).jpg"
"Nov55(2).jpg","Paranthias colonus","figs/2015/Otolitos-Nov/Paranthias colonus/Nov55(2).jpg"
"Nov-20(4).jpg","Pontinus clemensi","figs/2015/Otolitos-Nov/Pontinus clemensi/Nov-20(4).jpg"
"Nov-22(1).jpg","Pontinus clemensi","figs/2015/Otolitos-Nov/Pontinus clemensi/Nov-22(1).jpg"
"Nov-22(11).jpg","Pontinus clemensi","figs/2015/Otolitos-Nov/Pontinus clemensi/Nov-22(11).jpg"
"Nov-22(12).jpg","Pontinus clemensi","figs/2015/Otolitos-Nov/Pontinus clemensi/Nov-22(12).jpg"
"Nov-22(13).jpg","Pontinus clemensi","figs/2015/Otolitos-Nov/Pontinus clemensi/Nov-22(13).jpg"
"Nov-22(15).jpg","Pontinus clemensi","figs/2015/Otolitos-Nov/Pontinus clemensi/Nov-22(15).jpg"
"Nov-22(2).jpg","Pontinus clemensi","figs/2015/Otolitos-Nov/Pontinus clemensi/Nov-22(2).jpg"
"Nov-22(3).jpg","Pontinus clemensi","figs/2015/Otolitos-Nov/Pontinus clemensi/Nov-22(3).jpg"
"Nov-22(4).jpg","Pontinus clemensi","figs/2015/Otolitos-Nov/Pontinus clemensi/Nov-22(4).jpg"
"Nov-22(5).jpg","Pontinus clemensi","figs/2015/Otolitos-Nov/Pontinus clemensi/Nov-22(5).jpg"
"Nov-22(6).jpg","Pontinus clemensi","figs/2015/Otolitos-Nov/Pontinus clemensi/Nov-22(6).jpg"
"Nov-22(7).jpg","Pontinus clemensi","figs/2015/Otolitos-Nov/Pontinus clemensi/Nov-22(7).jpg"
"Nov-22(8).jpg","Pontinus clemensi","figs/2015/Otolitos-Nov/Pontinus clemensi/Nov-22(8).jpg"
"Nov-22(9).jpg","Pontinus clemensi","figs/2015/Otolitos-Nov/Pontinus clemensi/Nov-22(9).jpg"
"Nov-25(11).jpg","Pontinus clemensi","figs/2015/Otolitos-Nov/Pontinus clemensi/Nov-25(11).jpg"
"Nov-25(13).jpg","Pontinus clemensi","figs/2015/Otolitos-Nov/Pontinus clemensi/Nov-25(13).jpg"
"Nov-25(7).jpg","Pontinus clemensi","figs/2015/Otolitos-Nov/Pontinus clemensi/Nov-25(7).jpg"
"Nov-29(11).jpg","Pontinus clemensi","figs/2015/Otolitos-Nov/Pontinus clemensi/Nov-29(11).jpg"
"Nov-29(13).jpg","Pontinus clemensi","figs/2015/Otolitos-Nov/Pontinus clemensi/Nov-29(13).jpg"
"Nov-29(15).jpg","Pontinus clemensi","figs/2015/Otolitos-Nov/Pontinus clemensi/Nov-29(15).jpg"
"Nov-29(20).jpg","Pontinus clemensi","figs/2015/Otolitos-Nov/Pontinus clemensi/Nov-29(20).jpg"
"Nov-29(9).jpg","Pontinus clemensi","figs/2015/Otolitos-Nov/Pontinus clemensi/Nov-29(9).jpg"
"Nov38(5).jpg","Pontinus clemensi","figs/2015/Otolitos-Nov/Pontinus clemensi/Nov38(5).jpg"
"Nov40(8).jpg","Pontinus clemensi","figs/2015/Otolitos-Nov/Pontinus clemensi/Nov40(8).jpg"
"Nov41(14).jpg","Pontinus clemensi","figs/2015/Otolitos-Nov/Pontinus clemensi/Nov41(14).jpg"
"Nov41(15).jpg","Pontinus clemensi","figs/2015/Otolitos-Nov/Pontinus clemensi/Nov41(15).jpg"
"Nov42(1).jpg","Pontinus clemensi","figs/2015/Otolitos-Nov/Pontinus clemensi/Nov42(1).jpg"
"Nov42(4).jpg","Pontinus clemensi","figs/2015/Otolitos-Nov/Pontinus clemensi/Nov42(4).jpg"
"nov46(11).jpg","Pontinus clemensi","figs/2015/Otolitos-Nov/Pontinus clemensi/nov46(11).jpg"
"nov46(18).jpg","Pontinus clemensi","figs/2015/Otolitos-Nov/Pontinus clemensi/nov46(18).jpg"
"nov56(6).jpg","Pontinus clemensi","figs/2015/Otolitos-Nov/Pontinus clemensi/nov56(6).jpg"
"Nov57(1).jpg","Pontinus clemensi","figs/2015/Otolitos-Nov/Pontinus clemensi/Nov57(1).jpg"
"Nov57(2).jpg","Pontinus clemensi","figs/2015/Otolitos-Nov/Pontinus clemensi/Nov57(2).jpg"
"Nov-01(1).jpg","Pronotogrammus multifasciatus","figs/2015/Otolitos-Nov/Pronotogrammus multifasciatus/Nov-01(1).jpg"
"Nov-06(17).jpg","Pronotogrammus multifasciatus","figs/2015/Otolitos-Nov/Pronotogrammus multifasciatus/Nov-06(17).jpg"
"Nov-25(10).jpg","Pronotogrammus multifasciatus","figs/2015/Otolitos-Nov/Pronotogrammus multifasciatus/Nov-25(10).jpg"
"Nov-25(12).jpg","Pronotogrammus multifasciatus","figs/2015/Otolitos-Nov/Pronotogrammus multifasciatus/Nov-25(12).jpg"
"Nov-25(14).jpg","Pronotogrammus multifasciatus","figs/2015/Otolitos-Nov/Pronotogrammus multifasciatus/Nov-25(14).jpg"
"Nov-25(15).jpg","Pronotogrammus multifasciatus","figs/2015/Otolitos-Nov/Pronotogrammus multifasciatus/Nov-25(15).jpg"
"Nov-28(3).jpg","Pronotogrammus multifasciatus","figs/2015/Otolitos-Nov/Pronotogrammus multifasciatus/Nov-28(3).jpg"
"Nov-28(4).jpg","Pronotogrammus multifasciatus","figs/2015/Otolitos-Nov/Pronotogrammus multifasciatus/Nov-28(4).jpg"
"Nov-28(5).jpg","Pronotogrammus multifasciatus","figs/2015/Otolitos-Nov/Pronotogrammus multifasciatus/Nov-28(5).jpg"
"Nov-28(6).jpg","Pronotogrammus multifasciatus","figs/2015/Otolitos-Nov/Pronotogrammus multifasciatus/Nov-28(6).jpg"
"Nov-28(7).jpg","Pronotogrammus multifasciatus","figs/2015/Otolitos-Nov/Pronotogrammus multifasciatus/Nov-28(7).jpg"
"Nov-28(8).jpg","Pronotogrammus multifasciatus","figs/2015/Otolitos-Nov/Pronotogrammus multifasciatus/Nov-28(8).jpg"
"Nov-30(1).jpg","Pronotogrammus multifasciatus","figs/2015/Otolitos-Nov/Pronotogrammus multifasciatus/Nov-30(1).jpg"
"Nov-30(9).jpg","Pronotogrammus multifasciatus","figs/2015/Otolitos-Nov/Pronotogrammus multifasciatus/Nov-30(9).jpg"
"Nov-33(2).jpg","Pronotogrammus multifasciatus","figs/2015/Otolitos-Nov/Pronotogrammus multifasciatus/Nov-33(2).jpg"
"Nov38(4).jpg","Pronotogrammus multifasciatus","figs/2015/Otolitos-Nov/Pronotogrammus multifasciatus/Nov38(4).jpg"
"nov46(5).jpg","Pronotogrammus multifasciatus","figs/2015/Otolitos-Nov/Pronotogrammus multifasciatus/nov46(5).jpg"
"Nov-06(18).jpg","Sebastes","figs/2015/Otolitos-Nov/Sebastes/Nov-06(18).jpg"
"Nov-06(7).jpg","Sebastes","figs/2015/Otolitos-Nov/Sebastes/Nov-06(7).jpg"
"Nov-35(6).jpg","Sebastes","figs/2015/Otolitos-Nov/Sebastes/Nov-35(6).jpg"
"Nov-36(1).jpg","Sebastes","figs/2015/Otolitos-Nov/Sebastes/Nov-36(1).jpg"
"nov46(14).jpg","Sebastes","figs/2015/Otolitos-Nov/Sebastes/nov46(14).jpg"
"nov46(16).jpg","Sebastes","figs/2015/Otolitos-Nov/Sebastes/nov46(16).jpg"
"nov46(21).jpg","Sebastes","figs/2015/Otolitos-Nov/Sebastes/nov46(21).jpg"
"nov46(22).jpg","Sebastes","figs/2015/Otolitos-Nov/Sebastes/nov46(22).jpg"
"nov46(4).jpg","Sebastes","figs/2015/Otolitos-Nov/Sebastes/nov46(4).jpg"
"nov46(7).jpg","Sebastes","figs/2015/Otolitos-Nov/Sebastes/nov46(7).jpg"
"Nov52(4).jpg","Sebastes","figs/2015/Otolitos-Nov/Sebastes/Nov52(4).jpg"
"Nov53(1).jpg","Sebastes","figs/2015/Otolitos-Nov/Sebastes/Nov53(1).jpg"
"Nov54(1).jpg","Sebastes","figs/2015/Otolitos-Nov/Sebastes/Nov54(1).jpg"
"Nov-06(12).jpg","Selar crumenohpthalmus","figs/2015/Otolitos-Nov/Selar crumenohpthalmus/Nov-06(12).jpg"
"Nov-06(2).jpg","Selar crumenohpthalmus","figs/2015/Otolitos-Nov/Selar crumenohpthalmus/Nov-06(2).jpg"
"Nov-18(14).jpg","Selar crumenohpthalmus","figs/2015/Otolitos-Nov/Selar crumenohpthalmus/Nov-18(14).jpg"
"Nov-28(2).jpg","Selar crumenohpthalmus","figs/2015/Otolitos-Nov/Selar crumenohpthalmus/Nov-28(2).jpg"
"Nov-30(10).jpg","Selar crumenohpthalmus","figs/2015/Otolitos-Nov/Selar crumenohpthalmus/Nov-30(10).jpg"
"Nov-30(11).jpg","Selar crumenohpthalmus","figs/2015/Otolitos-Nov/Selar crumenohpthalmus/Nov-30(11).jpg"
"Nov-30(12).jpg","Selar crumenohpthalmus","figs/2015/Otolitos-Nov/Selar crumenohpthalmus/Nov-30(12).jpg"
"Nov-30(13).jpg","Selar crumenohpthalmus","figs/2015/Otolitos-Nov/Selar crumenohpthalmus/Nov-30(13).jpg"
"Nov-30(14).jpg","Selar crumenohpthalmus","figs/2015/Otolitos-Nov/Selar crumenohpthalmus/Nov-30(14).jpg"
"Nov-30(2).jpg","Selar crumenohpthalmus","figs/2015/Otolitos-Nov/Selar crumenohpthalmus/Nov-30(2).jpg"
"Nov-30(3).jpg","Selar crumenohpthalmus","figs/2015/Otolitos-Nov/Selar crumenohpthalmus/Nov-30(3).jpg"
"Nov-30(4).jpg","Selar crumenohpthalmus","figs/2015/Otolitos-Nov/Selar crumenohpthalmus/Nov-30(4).jpg"
"Nov-30(5).jpg","Selar crumenohpthalmus","figs/2015/Otolitos-Nov/Selar crumenohpthalmus/Nov-30(5).jpg"
"Nov-30(6).jpg","Selar crumenohpthalmus","figs/2015/Otolitos-Nov/Selar crumenohpthalmus/Nov-30(6).jpg"
"Nov-30(7).jpg","Selar crumenohpthalmus","figs/2015/Otolitos-Nov/Selar crumenohpthalmus/Nov-30(7).jpg"
"Nov-30(8).jpg","Selar crumenohpthalmus","figs/2015/Otolitos-Nov/Selar crumenohpthalmus/Nov-30(8).jpg"
"nov-35(1).jpg","Selar crumenohpthalmus","figs/2015/Otolitos-Nov/Selar crumenohpthalmus/nov-35(1).jpg"
"Nov-35(2).jpg","Selar crumenohpthalmus","figs/2015/Otolitos-Nov/Selar crumenohpthalmus/Nov-35(2).jpg"
"Nov-35(3).jpg","Selar crumenohpthalmus","figs/2015/Otolitos-Nov/Selar crumenohpthalmus/Nov-35(3).jpg"
"Nov-35(4).jpg","Selar crumenohpthalmus","figs/2015/Otolitos-Nov/Selar crumenohpthalmus/Nov-35(4).jpg"
"Nov-35(5).jpg","Selar crumenohpthalmus","figs/2015/Otolitos-Nov/Selar crumenohpthalmus/Nov-35(5).jpg"
"Nov-36(2).jpg","Selar crumenohpthalmus","figs/2015/Otolitos-Nov/Selar crumenohpthalmus/Nov-36(2).jpg"
"Nov-36(3).jpg","Selar crumenohpthalmus","figs/2015/Otolitos-Nov/Selar crumenohpthalmus/Nov-36(3).jpg"
"nov46(10).jpg","Selar crumenohpthalmus","figs/2015/Otolitos-Nov/Selar crumenohpthalmus/nov46(10).jpg"
"nov46(12).jpg","Selar crumenohpthalmus","figs/2015/Otolitos-Nov/Selar crumenohpthalmus/nov46(12).jpg"
"nov46(13).jpg","Selar crumenohpthalmus","figs/2015/Otolitos-Nov/Selar crumenohpthalmus/nov46(13).jpg"
"nov46(8).jpg","Selar crumenohpthalmus","figs/2015/Otolitos-Nov/Selar crumenohpthalmus/nov46(8).jpg"
"nov46(9).jpg","Selar crumenohpthalmus","figs/2015/Otolitos-Nov/Selar crumenohpthalmus/nov46(9).jpg"
"Nov58(2).jpg","Serranus","figs/2015/Otolitos-Nov/Serranus/Nov58(2).jpg"
"Nov-31(16).jpg","Spp1","figs/2015/Otolitos-Nov/Spp1/Nov-31(16).jpg"
"Nov-15(1).jpg","Spp2","figs/2015/Otolitos-Nov/Spp2/Nov-15(1).jpg"
"Nov-01(2).jpg","Spp3","figs/2015/Otolitos-Nov/Spp3/Nov-01(2).jpg"
"Nov-29(25).jpg","Spp3","figs/2015/Otolitos-Nov/Spp3/Nov-29(25).jpg"
"Nov-29(26).jpg","Spp3","figs/2015/Otolitos-Nov/Spp3/Nov-29(26).jpg"
"Nov46(1).jpg","Spp4","figs/2015/Otolitos-Nov/Spp4/Nov46(1).jpg"
"nov46(15).jpg","Spp4","figs/2015/Otolitos-Nov/Spp4/nov46(15).jpg"
"nov46(17).jpg","Spp4","figs/2015/Otolitos-Nov/Spp4/nov46(17).jpg"
"nov46(19).jpg","Spp4","figs/2015/Otolitos-Nov/Spp4/nov46(19).jpg"
"nov46(2).jpg","Spp4","figs/2015/Otolitos-Nov/Spp4/nov46(2).jpg"
"nov46(3).jpg","Spp4","figs/2015/Otolitos-Nov/Spp4/nov46(3).jpg"
"nov46(6).jpg","Spp4","figs/2015/Otolitos-Nov/Spp4/nov46(6).jpg"
"Nov-25(1).jpg","Spp5","figs/2015/Otolitos-Nov/Spp5/Nov-25(1).jpg"
"Nov41(3).jpg","Spp6","figs/2015/Otolitos-Nov/Spp6/Nov41(3).jpg"
"Nov43(1).jpg","Spp6","figs/2015/Otolitos-Nov/Spp6/Nov43(1).jpg"
"Nov48(18).jpg","Spp6","figs/2015/Otolitos-Nov/Spp6/Nov48(18).jpg"
"Nov48(4).jpg","Spp6","figs/2015/Otolitos-Nov/Spp6/Nov48(4).jpg"
"Nov48(65).jpg","Spp6","figs/2015/Otolitos-Nov/Spp6/Nov48(65).jpg"
"nov56(1).jpg","Spp6","figs/2015/Otolitos-Nov/Spp6/nov56(1).jpg"
"nov56(2).jpg","Spp6","figs/2015/Otolitos-Nov/Spp6/nov56(2).jpg"
"nov56(5).jpg","Spp6","figs/2015/Otolitos-Nov/Spp6/nov56(5).jpg"
"Nov43(2).jpg","Spp7","figs/2015/Otolitos-Nov/Spp7/Nov43(2).jpg"
"Nov43(4).jpg","Spp7","figs/2015/Otolitos-Nov/Spp7/Nov43(4).jpg"
"Nov43(5).jpg","Spp7","figs/2015/Otolitos-Nov/Spp7/Nov43(5).jpg"
"Nov44(1).jpg","Spp8","figs/2015/Otolitos-Nov/Spp8/Nov44(1).jpg"
"Nov44(2).jpg","Spp8","figs/2015/Otolitos-Nov/Spp8/Nov44(2).jpg"
"nov56(4).jpg","Spp8","figs/2015/Otolitos-Nov/Spp8/nov56(4).jpg"
"Nov48(26).jpg","Spp9","figs/2015/Otolitos-Nov/Spp9/Nov48(26).jpg"
"Nov48(30).jpg","Spp9","figs/2015/Otolitos-Nov/Spp9/Nov48(30).jpg"
"nov-18(1).jpg","Symphurus sp","figs/2015/Otolitos-Nov/Symphurus sp/nov-18(1).jpg"
"Nov-18(10).jpg","Symphurus sp","figs/2015/Otolitos-Nov/Symphurus sp/Nov-18(10).jpg"
"Nov-18(11).jpg","Symphurus sp","figs/2015/Otolitos-Nov/Symphurus sp/Nov-18(11).jpg"
"Nov-18(12).jpg","Symphurus sp","figs/2015/Otolitos-Nov/Symphurus sp/Nov-18(12).jpg"
"Nov-18(13).jpg","Symphurus sp","figs/2015/Otolitos-Nov/Symphurus sp/Nov-18(13).jpg"
"Nov-18(2).jpg","Symphurus sp","figs/2015/Otolitos-Nov/Symphurus sp/Nov-18(2).jpg"
"Nov-18(3).jpg","Symphurus sp","figs/2015/Otolitos-Nov/Symphurus sp/Nov-18(3).jpg"
"Nov-18(4).jpg","Symphurus sp","figs/2015/Otolitos-Nov/Symphurus sp/Nov-18(4).jpg"
"Nov-18(5).jpg","Symphurus sp","figs/2015/Otolitos-Nov/Symphurus sp/Nov-18(5).jpg"
"Nov-18(6).jpg","Symphurus sp","figs/2015/Otolitos-Nov/Symphurus sp/Nov-18(6).jpg"
"Nov-18(8).jpg","Symphurus sp","figs/2015/Otolitos-Nov/Symphurus sp/Nov-18(8).jpg"
"Nov-18(9).jpg","Symphurus sp","figs/2015/Otolitos-Nov/Symphurus sp/Nov-18(9).jpg"
"Nov-21(2).jpg","Symphurus sp","figs/2015/Otolitos-Nov/Symphurus sp/Nov-21(2).jpg"
"Nov-22(14).jpg","Symphurus sp","figs/2015/Otolitos-Nov/Symphurus sp/Nov-22(14).jpg"
"Nov-22(16).jpg","Symphurus sp","figs/2015/Otolitos-Nov/Symphurus sp/Nov-22(16).jpg"
"Nov-24(7).jpg","Symphurus sp","figs/2015/Otolitos-Nov/Symphurus sp/Nov-24(7).jpg"
"Nov-24(8).jpg","Symphurus sp","figs/2015/Otolitos-Nov/Symphurus sp/Nov-24(8).jpg"
"Nov-29(12).jpg","Symphurus sp","figs/2015/Otolitos-Nov/Symphurus sp/Nov-29(12).jpg"
"Nov-29(18).jpg","Symphurus sp","figs/2015/Otolitos-Nov/Symphurus sp/Nov-29(18).jpg"
"Nov-29(23).jpg","Symphurus sp","figs/2015/Otolitos-Nov/Symphurus sp/Nov-29(23).jpg"
"Nov-29(7).jpg","Symphurus sp","figs/2015/Otolitos-Nov/Symphurus sp/Nov-29(7).jpg"
"Nov-31(1).jpg","Symphurus sp","figs/2015/Otolitos-Nov/Symphurus sp/Nov-31(1).jpg"
"Nov-31(10).jpg","Symphurus sp","figs/2015/Otolitos-Nov/Symphurus sp/Nov-31(10).jpg"
"Nov-31(11).jpg","Symphurus sp","figs/2015/Otolitos-Nov/Symphurus sp/Nov-31(11).jpg"
"Nov-31(12).jpg","Symphurus sp","figs/2015/Otolitos-Nov/Symphurus sp/Nov-31(12).jpg"
"Nov-31(13).jpg","Symphurus sp","figs/2015/Otolitos-Nov/Symphurus sp/Nov-31(13).jpg"
"Nov-31(14).jpg","Symphurus sp","figs/2015/Otolitos-Nov/Symphurus sp/Nov-31(14).jpg"
"Nov-31(15).jpg","Symphurus sp","figs/2015/Otolitos-Nov/Symphurus sp/Nov-31(15).jpg"
"Nov-31(17).jpg","Symphurus sp","figs/2015/Otolitos-Nov/Symphurus sp/Nov-31(17).jpg"
"Nov-31(18).jpg","Symphurus sp","figs/2015/Otolitos-Nov/Symphurus sp/Nov-31(18).jpg"
"Nov-31(2).jpg","Symphurus sp","figs/2015/Otolitos-Nov/Symphurus sp/Nov-31(2).jpg"
"Nov-31(3).jpg","Symphurus sp","figs/2015/Otolitos-Nov/Symphurus sp/Nov-31(3).jpg"
"Nov-31(4).jpg","Symphurus sp","figs/2015/Otolitos-Nov/Symphurus sp/Nov-31(4).jpg"
"Nov-31(6).jpg","Symphurus sp","figs/2015/Otolitos-Nov/Symphurus sp/Nov-31(6).jpg"
"Nov-31(7).jpg","Symphurus sp","figs/2015/Otolitos-Nov/Symphurus sp/Nov-31(7).jpg"
"Nov-31(8).jpg","Symphurus sp","figs/2015/Otolitos-Nov/Symphurus sp/Nov-31(8).jpg"
"Nov-31(9).jpg","Symphurus sp","figs/2015/Otolitos-Nov/Symphurus sp/Nov-31(9).jpg"
"Nov41(1).jpg","Symphurus sp","figs/2015/Otolitos-Nov/Symphurus sp/Nov41(1).jpg"
"Nov41(10).jpg","Symphurus sp","figs/2015/Otolitos-Nov/Symphurus sp/Nov41(10).jpg"
"Nov41(11).jpg","Symphurus sp","figs/2015/Otolitos-Nov/Symphurus sp/Nov41(11).jpg"
"Nov41(12).jpg","Symphurus sp","figs/2015/Otolitos-Nov/Symphurus sp/Nov41(12).jpg"
"Nov41(13).jpg","Symphurus sp","figs/2015/Otolitos-Nov/Symphurus sp/Nov41(13).jpg"
"Nov41(16).jpg","Symphurus sp","figs/2015/Otolitos-Nov/Symphurus sp/Nov41(16).jpg"
"Nov41(17).jpg","Symphurus sp","figs/2015/Otolitos-Nov/Symphurus sp/Nov41(17).jpg"
"Nov41(18).jpg","Symphurus sp","figs/2015/Otolitos-Nov/Symphurus sp/Nov41(18).jpg"
"Nov41(19).jpg","Symphurus sp","figs/2015/Otolitos-Nov/Symphurus sp/Nov41(19).jpg"
"Nov41(2).jpg","Symphurus sp","figs/2015/Otolitos-Nov/Symphurus sp/Nov41(2).jpg"
"Nov41(4).jpg","Symphurus sp","figs/2015/Otolitos-Nov/Symphurus sp/Nov41(4).jpg"
"Nov41(5).jpg","Symphurus sp","figs/2015/Otolitos-Nov/Symphurus sp/Nov41(5).jpg"
"Nov41(6).jpg","Symphurus sp","figs/2015/Otolitos-Nov/Symphurus sp/Nov41(6).jpg"
"Nov41(7).jpg","Symphurus sp","figs/2015/Otolitos-Nov/Symphurus sp/Nov41(7).jpg"
"Nov41(8).jpg","Symphurus sp","figs/2015/Otolitos-Nov/Symphurus sp/Nov41(8).jpg"
"Nov41(9).jpg","Symphurus sp","figs/2015/Otolitos-Nov/Symphurus sp/Nov41(9).jpg"
"Nov43(6).jpg","Symphurus sp","figs/2015/Otolitos-Nov/Symphurus sp/Nov43(6).jpg"
"Nov43(7).jpg","Symphurus sp","figs/2015/Otolitos-Nov/Symphurus sp/Nov43(7).jpg"
"Nov43(8).jpg","Symphurus sp","figs/2015/Otolitos-Nov/Symphurus sp/Nov43(8).jpg"
"Nov48(14).jpg","Symphurus sp","figs/2015/Otolitos-Nov/Symphurus sp/Nov48(14).jpg"
"Nov48(35).jpg","Symphurus sp","figs/2015/Otolitos-Nov/Symphurus sp/Nov48(35).jpg"
"Nov-04(1).jpg","Synodus","figs/2015/Otolitos-Nov/Synodus/Nov-04(1).jpg"
"Nov-21(4).jpg","Synodus","figs/2015/Otolitos-Nov/Synodus/Nov-21(4).jpg"
"Nov-21(5).jpg","Synodus","figs/2015/Otolitos-Nov/Synodus/Nov-21(5).jpg"
"Nov-21(6).jpg","Synodus","figs/2015/Otolitos-Nov/Synodus/Nov-21(6).jpg"
"nov-32(2).jpg","Synodus","figs/2015/Otolitos-Nov/Synodus/nov-32(2).jpg"
"Nov-32(4).jpg","Synodus","figs/2015/Otolitos-Nov/Synodus/Nov-32(4).jpg"
"Nov-32(6).jpg","Synodus","figs/2015/Otolitos-Nov/Synodus/Nov-32(6).jpg"
"Nov45(3).jpg","Synodus","figs/2015/Otolitos-Nov/Synodus/Nov45(3).jpg"
"Nov48(10).jpg","Synodus","figs/2015/Otolitos-Nov/Synodus/Nov48(10).jpg"
"Nov48(11).jpg","Synodus","figs/2015/Otolitos-Nov/Synodus/Nov48(11).jpg"
"Nov48(12).jpg","Synodus","figs/2015/Otolitos-Nov/Synodus/Nov48(12).jpg"
"Nov48(13).jpg","Synodus","figs/2015/Otolitos-Nov/Synodus/Nov48(13).jpg"
"Nov48(15).jpg","Synodus","figs/2015/Otolitos-Nov/Synodus/Nov48(15).jpg"
"Nov48(16).jpg","Synodus","figs/2015/Otolitos-Nov/Synodus/Nov48(16).jpg"
"Nov48(17).jpg","Synodus","figs/2015/Otolitos-Nov/Synodus/Nov48(17).jpg"
"Nov48(19).jpg","Synodus","figs/2015/Otolitos-Nov/Synodus/Nov48(19).jpg"
"Nov48(2).jpg","Synodus","figs/2015/Otolitos-Nov/Synodus/Nov48(2).jpg"
"Nov48(20).jpg","Synodus","figs/2015/Otolitos-Nov/Synodus/Nov48(20).jpg"
"Nov48(21).jpg","Synodus","figs/2015/Otolitos-Nov/Synodus/Nov48(21).jpg"
"Nov48(22).jpg","Synodus","figs/2015/Otolitos-Nov/Synodus/Nov48(22).jpg"
"Nov48(23).jpg","Synodus","figs/2015/Otolitos-Nov/Synodus/Nov48(23).jpg"
"Nov48(24).jpg","Synodus","figs/2015/Otolitos-Nov/Synodus/Nov48(24).jpg"
"Nov48(27).jpg","Synodus","figs/2015/Otolitos-Nov/Synodus/Nov48(27).jpg"
"Nov48(28).jpg","Synodus","figs/2015/Otolitos-Nov/Synodus/Nov48(28).jpg"
"Nov48(29).jpg","Synodus","figs/2015/Otolitos-Nov/Synodus/Nov48(29).jpg"
"Nov48(3).jpg","Synodus","figs/2015/Otolitos-Nov/Synodus/Nov48(3).jpg"
"Nov48(31).jpg","Synodus","figs/2015/Otolitos-Nov/Synodus/Nov48(31).jpg"
"Nov48(32).jpg","Synodus","figs/2015/Otolitos-Nov/Synodus/Nov48(32).jpg"
"Nov48(33).jpg","Synodus","figs/2015/Otolitos-Nov/Synodus/Nov48(33).jpg"
"Nov48(36).jpg","Synodus","figs/2015/Otolitos-Nov/Synodus/Nov48(36).jpg"
"Nov48(37).jpg","Synodus","figs/2015/Otolitos-Nov/Synodus/Nov48(37).jpg"
"Nov48(38).jpg","Synodus","figs/2015/Otolitos-Nov/Synodus/Nov48(38).jpg"
"Nov48(39).jpg","Synodus","figs/2015/Otolitos-Nov/Synodus/Nov48(39).jpg"
"Nov48(40).jpg","Synodus","figs/2015/Otolitos-Nov/Synodus/Nov48(40).jpg"
"Nov48(41).jpg","Synodus","figs/2015/Otolitos-Nov/Synodus/Nov48(41).jpg"
"Nov48(42).jpg","Synodus","figs/2015/Otolitos-Nov/Synodus/Nov48(42).jpg"
"Nov48(43).jpg","Synodus","figs/2015/Otolitos-Nov/Synodus/Nov48(43).jpg"
"Nov48(44).jpg","Synodus","figs/2015/Otolitos-Nov/Synodus/Nov48(44).jpg"
"Nov48(45).jpg","Synodus","figs/2015/Otolitos-Nov/Synodus/Nov48(45).jpg"
"Nov48(46).jpg","Synodus","figs/2015/Otolitos-Nov/Synodus/Nov48(46).jpg"
"Nov48(47).jpg","Synodus","figs/2015/Otolitos-Nov/Synodus/Nov48(47).jpg"
"Nov48(48).jpg","Synodus","figs/2015/Otolitos-Nov/Synodus/Nov48(48).jpg"
"Nov48(49).jpg","Synodus","figs/2015/Otolitos-Nov/Synodus/Nov48(49).jpg"
"Nov48(50).jpg","Synodus","figs/2015/Otolitos-Nov/Synodus/Nov48(50).jpg"
"Nov48(51).jpg","Synodus","figs/2015/Otolitos-Nov/Synodus/Nov48(51).jpg"
"Nov48(52).jpg","Synodus","figs/2015/Otolitos-Nov/Synodus/Nov48(52).jpg"
"Nov48(53).jpg","Synodus","figs/2015/Otolitos-Nov/Synodus/Nov48(53).jpg"
"Nov48(54).jpg","Synodus","figs/2015/Otolitos-Nov/Synodus/Nov48(54).jpg"
"Nov48(56).jpg","Synodus","figs/2015/Otolitos-Nov/Synodus/Nov48(56).jpg"
"Nov48(57).jpg","Synodus","figs/2015/Otolitos-Nov/Synodus/Nov48(57).jpg"
"Nov48(58).jpg","Synodus","figs/2015/Otolitos-Nov/Synodus/Nov48(58).jpg"
"Nov48(59).jpg","Synodus","figs/2015/Otolitos-Nov/Synodus/Nov48(59).jpg"
"Nov48(6).jpg","Synodus","figs/2015/Otolitos-Nov/Synodus/Nov48(6).jpg"
"Nov48(60).jpg","Synodus","figs/2015/Otolitos-Nov/Synodus/Nov48(60).jpg"
"Nov48(61).jpg","Synodus","figs/2015/Otolitos-Nov/Synodus/Nov48(61).jpg"
"Nov48(62).jpg","Synodus","figs/2015/Otolitos-Nov/Synodus/Nov48(62).jpg"
"Nov48(63).jpg","Synodus","figs/2015/Otolitos-Nov/Synodus/Nov48(63).jpg"
"Nov48(7).jpg","Synodus","figs/2015/Otolitos-Nov/Synodus/Nov48(7).jpg"
"Nov48(8).jpg","Synodus","figs/2015/Otolitos-Nov/Synodus/Nov48(8).jpg"
"Nov48(9).jpg","Synodus","figs/2015/Otolitos-Nov/Synodus/Nov48(9).jpg"
"Nov-10(1).jpg","Vinciguerria lucetia","figs/2015/Otolitos-Nov/Vinciguerria lucetia/Nov-10(1).jpg"
"Nov-20(3).jpg","Vinciguerria lucetia","figs/2015/Otolitos-Nov/Vinciguerria lucetia/Nov-20(3).jpg"
"Nov-24(1).jpg","Vinciguerria lucetia","figs/2015/Otolitos-Nov/Vinciguerria lucetia/Nov-24(1).jpg"
"Nov-24(2).jpg","Vinciguerria lucetia","figs/2015/Otolitos-Nov/Vinciguerria lucetia/Nov-24(2).jpg"
"Nov-24(3).jpg","Vinciguerria lucetia","figs/2015/Otolitos-Nov/Vinciguerria lucetia/Nov-24(3).jpg"
"Nov-24(4).jpg","Vinciguerria lucetia","figs/2015/Otolitos-Nov/Vinciguerria lucetia/Nov-24(4).jpg"
"Nov-24(5).jpg","Vinciguerria lucetia","figs/2015/Otolitos-Nov/Vinciguerria lucetia/Nov-24(5).jpg"
"Nov-24(9).jpg","Vinciguerria lucetia","figs/2015/Otolitos-Nov/Vinciguerria lucetia/Nov-24(9).jpg"
"Nov-25(6).jpg","Vinciguerria lucetia","figs/2015/Otolitos-Nov/Vinciguerria lucetia/Nov-25(6).jpg"
"Nov-29(10).jpg","Vinciguerria lucetia","figs/2015/Otolitos-Nov/Vinciguerria lucetia/Nov-29(10).jpg"
"Nov-29(17).jpg","Vinciguerria lucetia","figs/2015/Otolitos-Nov/Vinciguerria lucetia/Nov-29(17).jpg"
"Nov-29(3).jpg","Vinciguerria lucetia","figs/2015/Otolitos-Nov/Vinciguerria lucetia/Nov-29(3).jpg"
"Nov-32(1).jpg","Vinciguerria lucetia","figs/2015/Otolitos-Nov/Vinciguerria lucetia/Nov-32(1).jpg"
"Nov-32(10).jpg","Vinciguerria lucetia","figs/2015/Otolitos-Nov/Vinciguerria lucetia/Nov-32(10).jpg"
"Nov-32(12).jpg","Vinciguerria lucetia","figs/2015/Otolitos-Nov/Vinciguerria lucetia/Nov-32(12).jpg"
"Nov-32(13).jpg","Vinciguerria lucetia","figs/2015/Otolitos-Nov/Vinciguerria lucetia/Nov-32(13).jpg"
"Nov-32(14).jpg","Vinciguerria lucetia","figs/2015/Otolitos-Nov/Vinciguerria lucetia/Nov-32(14).jpg"
"Nov-32(3).jpg","Vinciguerria lucetia","figs/2015/Otolitos-Nov/Vinciguerria lucetia/Nov-32(3).jpg"
"Nov-32(5).jpg","Vinciguerria lucetia","figs/2015/Otolitos-Nov/Vinciguerria lucetia/Nov-32(5).jpg"
"Nov-32(7).jpg","Vinciguerria lucetia","figs/2015/Otolitos-Nov/Vinciguerria lucetia/Nov-32(7).jpg"
"Nov-32(8).jpg","Vinciguerria lucetia","figs/2015/Otolitos-Nov/Vinciguerria lucetia/Nov-32(8).jpg"
"Nov-32(9).jpg","Vinciguerria lucetia","figs/2015/Otolitos-Nov/Vinciguerria lucetia/Nov-32(9).jpg"
"Nov48(25).jpg","Vinciguerria lucetia","figs/2015/Otolitos-Nov/Vinciguerria lucetia/Nov48(25).jpg"
"Nov58(4).jpg","Vinciguerria lucetia","figs/2015/Otolitos-Nov/Vinciguerria lucetia/Nov58(4).jpg"
"Nov-01(3).jpg","Xenichthys agassizi","figs/2015/Otolitos-Nov/Xenichthys agassizi/Nov-01(3).jpg"
"Nov-01(4).jpg","Xenichthys agassizi","figs/2015/Otolitos-Nov/Xenichthys agassizi/Nov-01(4).jpg"
"Nov-01(5).jpg","Xenichthys agassizi","figs/2015/Otolitos-Nov/Xenichthys agassizi/Nov-01(5).jpg"
"Nov-01(6).jpg","Xenichthys agassizi","figs/2015/Otolitos-Nov/Xenichthys agassizi/Nov-01(6).jpg"
"Nov-06(10).jpg","Xenichthys agassizi","figs/2015/Otolitos-Nov/Xenichthys agassizi/Nov-06(10).jpg"
"Nov-06(2).jpg","Xenichthys agassizi","figs/2015/Otolitos-Nov/Xenichthys agassizi/Nov-06(2).jpg"
"Nov-25(8).jpg","Xenichthys agassizi","figs/2015/Otolitos-Nov/Xenichthys agassizi/Nov-25(8).jpg"
"Nov-26(1).jpg","Xenichthys agassizi","figs/2015/Otolitos-Nov/Xenichthys agassizi/Nov-26(1).jpg"
"Nov-28(1).jpg","Xenichthys agassizi","figs/2015/Otolitos-Nov/Xenichthys agassizi/Nov-28(1).jpg"
"Nov38(1).jpg","Xenichthys agassizi","figs/2015/Otolitos-Nov/Xenichthys agassizi/Nov38(1).jpg"
"Nov38(3).jpg","Xenichthys agassizi","figs/2015/Otolitos-Nov/Xenichthys agassizi/Nov38(3).jpg"
"Nov40(1).jpg","Xenichthys agassizi","figs/2015/Otolitos-Nov/Xenichthys agassizi/Nov40(1).jpg"
"Nov40(2).jpg","Xenichthys agassizi","figs/2015/Otolitos-Nov/Xenichthys agassizi/Nov40(2).jpg"
"Nov40(3).jpg","Xenichthys agassizi","figs/2015/Otolitos-Nov/Xenichthys agassizi/Nov40(3).jpg"
"Nov40(4).jpg","Xenichthys agassizi","figs/2015/Otolitos-Nov/Xenichthys agassizi/Nov40(4).jpg"
"Nov40(5).jpg","Xenichthys agassizi","figs/2015/Otolitos-Nov/Xenichthys agassizi/Nov40(5).jpg"
"Nov40(6).jpg","Xenichthys agassizi","figs/2015/Otolitos-Nov/Xenichthys agassizi/Nov40(6).jpg"
"Nov40(7).jpg","Xenichthys agassizi","figs/2015/Otolitos-Nov/Xenichthys agassizi/Nov40(7).jpg"
"Nov40(9).jpg","Xenichthys agassizi","figs/2015/Otolitos-Nov/Xenichthys agassizi/Nov40(9).jpg"
"Nov41(20).jpg","Xenichthys agassizi","figs/2015/Otolitos-Nov/Xenichthys agassizi/Nov41(20).jpg"
"Sep31(3).jpg","Anchoa","figs/2015/Otolitos-Sep/Anchoa/Sep31(3).jpg"
"Sep32(1).jpg","Anchoa","figs/2015/Otolitos-Sep/Anchoa/Sep32(1).jpg"
"Sep01(3).jpg","Apogon","figs/2015/Otolitos-Sep/Apogon/Sep01(3).jpg"
"Sep08(2).jpg","Apogon","figs/2015/Otolitos-Sep/Apogon/Sep08(2).jpg"
"Sep30(1).jpg","Brotula clarkae","figs/2015/Otolitos-Sep/Brotula clarkae/Sep30(1).jpg"
"Sep11(1).jpg","Crustaceos","figs/2015/Otolitos-Sep/Crustaceos/Sep11(1).jpg"
"Sep11(2).jpg","Crustaceos","figs/2015/Otolitos-Sep/Crustaceos/Sep11(2).jpg"
"Sep06(2).jpg","Diplectrum sp","figs/2015/Otolitos-Sep/Diplectrum sp/Sep06(2).jpg"
"Sep15(7).jpg","Diplectrum sp","figs/2015/Otolitos-Sep/Diplectrum sp/Sep15(7).jpg"
"Sep21(1).jpg","Diplectrum sp","figs/2015/Otolitos-Sep/Diplectrum sp/Sep21(1).jpg"
"Sep35(8).jpg","Diplectrum sp","figs/2015/Otolitos-Sep/Diplectrum sp/Sep35(8).jpg"
"Sep57(3).jpg","Diplectrum sp","figs/2015/Otolitos-Sep/Diplectrum sp/Sep57(3).jpg"
"Sep59(12).jpg","Diplectrum sp","figs/2015/Otolitos-Sep/Diplectrum sp/Sep59(12).jpg"
"Sep59(2).jpg","Diplectrum sp","figs/2015/Otolitos-Sep/Diplectrum sp/Sep59(2).jpg"
"Sep60(2).jpg","Diplectrum sp","figs/2015/Otolitos-Sep/Diplectrum sp/Sep60(2).jpg"
"Sep09(1).jpg","Holocampus passer","figs/2015/Otolitos-Sep/Holocampus passer/Sep09(1).jpg"
"Sep12(3).jpg","Holocampus passer","figs/2015/Otolitos-Sep/Holocampus passer/Sep12(3).jpg"
"Sep12(6).jpg","Holocampus passer","figs/2015/Otolitos-Sep/Holocampus passer/Sep12(6).jpg"
"Sep52(11).jpg","Lepophidiom","figs/2015/Otolitos-Sep/Lepophidiom/Sep52(11).jpg"
"Sep52(12).jpg","Lepophidiom","figs/2015/Otolitos-Sep/Lepophidiom/Sep52(12).jpg"
"Sep52(13).jpg","Lepophidiom","figs/2015/Otolitos-Sep/Lepophidiom/Sep52(13).jpg"
"Sep06(1).jpg","Lutjanus peru","figs/2015/Otolitos-Sep/Lutjanus peru/Sep06(1).jpg"
"Sep14(10).jpg","Lutjanus peru","figs/2015/Otolitos-Sep/Lutjanus peru/Sep14(10).jpg"
"Sep20(10).jpg","Lutjanus peru","figs/2015/Otolitos-Sep/Lutjanus peru/Sep20(10).jpg"
"Sep29(29).jpg","Lutjanus peru","figs/2015/Otolitos-Sep/Lutjanus peru/Sep29(29).jpg"
"Sep22(2).jpg","Ophidion","figs/2015/Otolitos-Sep/Ophidion/Sep22(2).jpg"
"Sep22(4).jpg","Ophidion","figs/2015/Otolitos-Sep/Ophidion/Sep22(4).jpg"
"Sep30(2).jpg","Ophidion","figs/2015/Otolitos-Sep/Ophidion/Sep30(2).jpg"
"Sep01(8).jpg","Opisthonema berlangai","figs/2015/Otolitos-Sep/Opisthonema berlangai/Sep01(8).jpg"
"Sep04(01).jpg","Opisthonema berlangai","figs/2015/Otolitos-Sep/Opisthonema berlangai/Sep04(01).jpg"
"Sep06(5).jpg","Opisthonema berlangai","figs/2015/Otolitos-Sep/Opisthonema berlangai/Sep06(5).jpg"
"Sep13(2).jpg","Opisthonema berlangai","figs/2015/Otolitos-Sep/Opisthonema berlangai/Sep13(2).jpg"
"Sep13(3).jpg","Opisthonema berlangai","figs/2015/Otolitos-Sep/Opisthonema berlangai/Sep13(3).jpg"
"Sep13(4).jpg","Opisthonema berlangai","figs/2015/Otolitos-Sep/Opisthonema berlangai/Sep13(4).jpg"
"Sep13(5).jpg","Opisthonema berlangai","figs/2015/Otolitos-Sep/Opisthonema berlangai/Sep13(5).jpg"
"Sep15(1).jpg","Opisthonema berlangai","figs/2015/Otolitos-Sep/Opisthonema berlangai/Sep15(1).jpg"
"Sep15(5).jpg","Opisthonema berlangai","figs/2015/Otolitos-Sep/Opisthonema berlangai/Sep15(5).jpg"
"Sep15(8).jpg","Opisthonema berlangai","figs/2015/Otolitos-Sep/Opisthonema berlangai/Sep15(8).jpg"
"Sep26(30).jpg","Opisthonema berlangai","figs/2015/Otolitos-Sep/Opisthonema berlangai/Sep26(30).jpg"
"Sep26(32).jpg","Opisthonema berlangai","figs/2015/Otolitos-Sep/Opisthonema berlangai/Sep26(32).jpg"
"Sep27(7).jpg","Opisthonema berlangai","figs/2015/Otolitos-Sep/Opisthonema berlangai/Sep27(7).jpg"
"Sep30(37).jpg","Opisthonema berlangai","figs/2015/Otolitos-Sep/Opisthonema berlangai/Sep30(37).jpg"
"Sep30(39).jpg","Opisthonema berlangai","figs/2015/Otolitos-Sep/Opisthonema berlangai/Sep30(39).jpg"
"Sep35(5).jpg","Opisthonema berlangai","figs/2015/Otolitos-Sep/Opisthonema berlangai/Sep35(5).jpg"
"Sep36(1).jpg","Opisthonema berlangai","figs/2015/Otolitos-Sep/Opisthonema berlangai/Sep36(1).jpg"
"Sep36(4).jpg","Opisthonema berlangai","figs/2015/Otolitos-Sep/Opisthonema berlangai/Sep36(4).jpg"
"Sep36(8).jpg","Opisthonema berlangai","figs/2015/Otolitos-Sep/Opisthonema berlangai/Sep36(8).jpg"
"Sep36(9).jpg","Opisthonema berlangai","figs/2015/Otolitos-Sep/Opisthonema berlangai/Sep36(9).jpg"
"Sep37(6).jpg","Opisthonema berlangai","figs/2015/Otolitos-Sep/Opisthonema berlangai/Sep37(6).jpg"
"Sep42(1).jpg","Opisthonema berlangai","figs/2015/Otolitos-Sep/Opisthonema berlangai/Sep42(1).jpg"
"Sep45(1).jpg","Opisthonema berlangai","figs/2015/Otolitos-Sep/Opisthonema berlangai/Sep45(1).jpg"
"Sep46(5).jpg","Opisthonema berlangai","figs/2015/Otolitos-Sep/Opisthonema berlangai/Sep46(5).jpg"
"Sep56(2).jpg","Opisthonema berlangai","figs/2015/Otolitos-Sep/Opisthonema berlangai/Sep56(2).jpg"
"Sep57(4).jpg","Opisthonema berlangai","figs/2015/Otolitos-Sep/Opisthonema berlangai/Sep57(4).jpg"
"Sep60(3).jpg","Opisthonema berlangai","figs/2015/Otolitos-Sep/Opisthonema berlangai/Sep60(3).jpg"
"Sep16(1).jpg","Otophidium sp","figs/2015/Otolitos-Sep/Otophidium sp/Sep16(1).jpg"
"Sep52(2).jpg","Otophidium sp","figs/2015/Otolitos-Sep/Otophidium sp/Sep52(2).jpg"
"Sep52(3).jpg","Otophidium sp","figs/2015/Otolitos-Sep/Otophidium sp/Sep52(3).jpg"
"Sep52(4).jpg","Otophidium sp","figs/2015/Otolitos-Sep/Otophidium sp/Sep52(4).jpg"
"Sep52(5).jpg","Otophidium sp","figs/2015/Otolitos-Sep/Otophidium sp/Sep52(5).jpg"
"Sep20(7).jpg","Paralabrax","figs/2015/Otolitos-Sep/Paralabrax/Sep20(7).jpg"
"Sep24(5).jpg","Paralabrax","figs/2015/Otolitos-Sep/Paralabrax/Sep24(5).jpg"
"Sep25(5).jpg","Paralabrax","figs/2015/Otolitos-Sep/Paralabrax/Sep25(5).jpg"
"Sep41(2).jpg","Paralabrax","figs/2015/Otolitos-Sep/Paralabrax/Sep41(2).jpg"
"Sep43(12).jpg","Paralabrax","figs/2015/Otolitos-Sep/Paralabrax/Sep43(12).jpg"
"Sep43(2).jpg","Paralabrax","figs/2015/Otolitos-Sep/Paralabrax/Sep43(2).jpg"
"Sep43(3).jpg","Paralabrax","figs/2015/Otolitos-Sep/Paralabrax/Sep43(3).jpg"
"Sep53(15).jpg","Paralabrax","figs/2015/Otolitos-Sep/Paralabrax/Sep53(15).jpg"
"Sep53(2).jpg","Paralabrax","figs/2015/Otolitos-Sep/Paralabrax/Sep53(2).jpg"
"Sep53(3).jpg","Paralabrax","figs/2015/Otolitos-Sep/Paralabrax/Sep53(3).jpg"
"Sep53(5).jpg","Paralabrax","figs/2015/Otolitos-Sep/Paralabrax/Sep53(5).jpg"
"Sep53(6).jpg","Paralabrax","figs/2015/Otolitos-Sep/Paralabrax/Sep53(6).jpg"
"Sep53(7).jpg","Paralabrax","figs/2015/Otolitos-Sep/Paralabrax/Sep53(7).jpg"
"Sep56(18).jpg","Paralabrax","figs/2015/Otolitos-Sep/Paralabrax/Sep56(18).jpg"
"Sep57(2).jpg","Paralabrax","figs/2015/Otolitos-Sep/Paralabrax/Sep57(2).jpg"
"Sep22(1).jpg","Pontinus","figs/2015/Otolitos-Sep/Pontinus/Sep22(1).jpg"
"Sep22(5).jpg","Pontinus","figs/2015/Otolitos-Sep/Pontinus/Sep22(5).jpg"
"Sep29(18).jpg","Pontinus","figs/2015/Otolitos-Sep/Pontinus/Sep29(18).jpg"
"Sep31(2).jpg","Pontinus","figs/2015/Otolitos-Sep/Pontinus/Sep31(2).jpg"
"Sep43(10).jpg","Pontinus","figs/2015/Otolitos-Sep/Pontinus/Sep43(10).jpg"
"Sep43(11).jpg","Pontinus","figs/2015/Otolitos-Sep/Pontinus/Sep43(11).jpg"
"Sep43(13).jpg","Pontinus","figs/2015/Otolitos-Sep/Pontinus/Sep43(13).jpg"
"Sep43(4).jpg","Pontinus","figs/2015/Otolitos-Sep/Pontinus/Sep43(4).jpg"
"Sep44(9).jpg","Pontinus","figs/2015/Otolitos-Sep/Pontinus/Sep44(9).jpg"
"Sep47(1).jpg","Pontinus","figs/2015/Otolitos-Sep/Pontinus/Sep47(1).jpg"
"Sep59(3).jpg","Pontinus","figs/2015/Otolitos-Sep/Pontinus/Sep59(3).jpg"
"Sep-01(1).jpg","Pronotogrammus multifasciatus","figs/2015/Otolitos-Sep/Pronotogrammus multifasciatus/Sep-01(1).jpg"
"Sep01(2).jpg","Pronotogrammus multifasciatus","figs/2015/Otolitos-Sep/Pronotogrammus multifasciatus/Sep01(2).jpg"
"sep01(6).jpg","Pronotogrammus multifasciatus","figs/2015/Otolitos-Sep/Pronotogrammus multifasciatus/sep01(6).jpg"
"Sep01(7).jpg","Pronotogrammus multifasciatus","figs/2015/Otolitos-Sep/Pronotogrammus multifasciatus/Sep01(7).jpg"
"Sep08(1).jpg","Pronotogrammus multifasciatus","figs/2015/Otolitos-Sep/Pronotogrammus multifasciatus/Sep08(1).jpg"
"Sep13(1).jpg","Pronotogrammus multifasciatus","figs/2015/Otolitos-Sep/Pronotogrammus multifasciatus/Sep13(1).jpg"
"Sep13(6).jpg","Pronotogrammus multifasciatus","figs/2015/Otolitos-Sep/Pronotogrammus multifasciatus/Sep13(6).jpg"
"Sep20(4).jpg","Pronotogrammus multifasciatus","figs/2015/Otolitos-Sep/Pronotogrammus multifasciatus/Sep20(4).jpg"
"Sep60(1).jpg","Pronotogrammus multifasciatus","figs/2015/Otolitos-Sep/Pronotogrammus multifasciatus/Sep60(1).jpg"
"Sep60(5).jpg","Pronotogrammus multifasciatus","figs/2015/Otolitos-Sep/Pronotogrammus multifasciatus/Sep60(5).jpg"
"Sep01(4).jpg","Sebastes","figs/2015/Otolitos-Sep/Sebastes/Sep01(4).jpg"
"sep01(5).jpg","Sebastes","figs/2015/Otolitos-Sep/Sebastes/sep01(5).jpg"
"Sep56(15).jpg","Sebastes","figs/2015/Otolitos-Sep/Sebastes/Sep56(15).jpg"
"Sep14(2).jpg","Selar crumenopthalmus","figs/2015/Otolitos-Sep/Selar crumenopthalmus/Sep14(2).jpg"
"Sep14(3).jpg","Selar crumenopthalmus","figs/2015/Otolitos-Sep/Selar crumenopthalmus/Sep14(3).jpg"
"Sep29(39).jpg","Selar crumenopthalmus","figs/2015/Otolitos-Sep/Selar crumenopthalmus/Sep29(39).jpg"
"Sep31(1).jpg","Selar crumenopthalmus","figs/2015/Otolitos-Sep/Selar crumenopthalmus/Sep31(1).jpg"
"Sep43(1).jpg","Selar crumenopthalmus","figs/2015/Otolitos-Sep/Selar crumenopthalmus/Sep43(1).jpg"
"Sep27(22).jpg","Spp1","figs/2015/Otolitos-Sep/Spp1/Sep27(22).jpg"
"Sep28(33).jpg","Spp1","figs/2015/Otolitos-Sep/Spp1/Sep28(33).jpg"
"Sep30(58).jpg","Spp2","figs/2015/Otolitos-Sep/Spp2/Sep30(58).jpg"
"Sep40(1).jpg","Spp3","figs/2015/Otolitos-Sep/Spp3/Sep40(1).jpg"
"Sep41(1).jpg","Spp3","figs/2015/Otolitos-Sep/Spp3/Sep41(1).jpg"
"Sep52(10).jpg","Spp4","figs/2015/Otolitos-Sep/Spp4/Sep52(10).jpg"
"Sep52(9).jpg","Spp4","figs/2015/Otolitos-Sep/Spp4/Sep52(9).jpg"
"Sep59(4).jpg","Spp4","figs/2015/Otolitos-Sep/Spp4/Sep59(4).jpg"
"Sep59(5).jpg","Spp4","figs/2015/Otolitos-Sep/Spp4/Sep59(5).jpg"
"Sep29(11).jpg","Spp5","figs/2015/Otolitos-Sep/Spp5/Sep29(11).jpg"
"Sep09(3).jpg","Symphurus sp","figs/2015/Otolitos-Sep/Symphurus sp/Sep09(3).jpg"
"Sep13(10).jpg","Symphurus sp","figs/2015/Otolitos-Sep/Symphurus sp/Sep13(10).jpg"
"Sep13(9).jpg","Symphurus sp","figs/2015/Otolitos-Sep/Symphurus sp/Sep13(9).jpg"
"Sep15(3).jpg","Symphurus sp","figs/2015/Otolitos-Sep/Symphurus sp/Sep15(3).jpg"
"Sep15(6).jpg","Symphurus sp","figs/2015/Otolitos-Sep/Symphurus sp/Sep15(6).jpg"
"Sep16(5).jpg","Symphurus sp","figs/2015/Otolitos-Sep/Symphurus sp/Sep16(5).jpg"
"Sep17(1).jpg","Symphurus sp","figs/2015/Otolitos-Sep/Symphurus sp/Sep17(1).jpg"
"Sep17(10).jpg","Symphurus sp","figs/2015/Otolitos-Sep/Symphurus sp/Sep17(10).jpg"
"Sep17(11).jpg","Symphurus sp","figs/2015/Otolitos-Sep/Symphurus sp/Sep17(11).jpg"
"Sep17(2).jpg","Symphurus sp","figs/2015/Otolitos-Sep/Symphurus sp/Sep17(2).jpg"
"Sep17(3).jpg","Symphurus sp","figs/2015/Otolitos-Sep/Symphurus sp/Sep17(3).jpg"
"Sep17(4).jpg","Symphurus sp","figs/2015/Otolitos-Sep/Symphurus sp/Sep17(4).jpg"
"Sep17(5).jpg","Symphurus sp","figs/2015/Otolitos-Sep/Symphurus sp/Sep17(5).jpg"
"Sep17(6).jpg","Symphurus sp","figs/2015/Otolitos-Sep/Symphurus sp/Sep17(6).jpg"
"Sep17(7).jpg","Symphurus sp","figs/2015/Otolitos-Sep/Symphurus sp/Sep17(7).jpg"
"Sep17(8).jpg","Symphurus sp","figs/2015/Otolitos-Sep/Symphurus sp/Sep17(8).jpg"
"Sep17(9).jpg","Symphurus sp","figs/2015/Otolitos-Sep/Symphurus sp/Sep17(9).jpg"
"Sep23(10).jpg","Symphurus sp","figs/2015/Otolitos-Sep/Symphurus sp/Sep23(10).jpg"
"Sep23(9).jpg","Symphurus sp","figs/2015/Otolitos-Sep/Symphurus sp/Sep23(9).jpg"
"Sep25(10).jpg","Symphurus sp","figs/2015/Otolitos-Sep/Symphurus sp/Sep25(10).jpg"
"Sep25(4).jpg","Symphurus sp","figs/2015/Otolitos-Sep/Symphurus sp/Sep25(4).jpg"
"Sep25(6).jpg","Symphurus sp","figs/2015/Otolitos-Sep/Symphurus sp/Sep25(6).jpg"
"Sep26(49).jpg","Symphurus sp","figs/2015/Otolitos-Sep/Symphurus sp/Sep26(49).jpg"
"Sep27(10).jpg","Symphurus sp","figs/2015/Otolitos-Sep/Symphurus sp/Sep27(10).jpg"
"Sep27(3).jpg","Symphurus sp","figs/2015/Otolitos-Sep/Symphurus sp/Sep27(3).jpg"
"Sep27(8).jpg","Symphurus sp","figs/2015/Otolitos-Sep/Symphurus sp/Sep27(8).jpg"
"Sep28(10).jpg","Symphurus sp","figs/2015/Otolitos-Sep/Symphurus sp/Sep28(10).jpg"
"Sep28(11).jpg","Symphurus sp","figs/2015/Otolitos-Sep/Symphurus sp/Sep28(11).jpg"
"Sep28(12).jpg","Symphurus sp","figs/2015/Otolitos-Sep/Symphurus sp/Sep28(12).jpg"
"Sep28(13).jpg","Symphurus sp","figs/2015/Otolitos-Sep/Symphurus sp/Sep28(13).jpg"
"Sep28(14).jpg","Symphurus sp","figs/2015/Otolitos-Sep/Symphurus sp/Sep28(14).jpg"
"Sep28(15).jpg","Symphurus sp","figs/2015/Otolitos-Sep/Symphurus sp/Sep28(15).jpg"
"Sep28(16).jpg","Symphurus sp","figs/2015/Otolitos-Sep/Symphurus sp/Sep28(16).jpg"
"Sep28(17).jpg","Symphurus sp","figs/2015/Otolitos-Sep/Symphurus sp/Sep28(17).jpg"
"Sep28(18).jpg","Symphurus sp","figs/2015/Otolitos-Sep/Symphurus sp/Sep28(18).jpg"
"Sep28(19).jpg","Symphurus sp","figs/2015/Otolitos-Sep/Symphurus sp/Sep28(19).jpg"
"Sep28(20).jpg","Symphurus sp","figs/2015/Otolitos-Sep/Symphurus sp/Sep28(20).jpg"
"Sep28(21).jpg","Symphurus sp","figs/2015/Otolitos-Sep/Symphurus sp/Sep28(21).jpg"
"Sep28(22).jpg","Symphurus sp","figs/2015/Otolitos-Sep/Symphurus sp/Sep28(22).jpg"
"Sep28(23).jpg","Symphurus sp","figs/2015/Otolitos-Sep/Symphurus sp/Sep28(23).jpg"
"Sep28(24).jpg","Symphurus sp","figs/2015/Otolitos-Sep/Symphurus sp/Sep28(24).jpg"
"Sep28(25).jpg","Symphurus sp","figs/2015/Otolitos-Sep/Symphurus sp/Sep28(25).jpg"
"Sep28(26).jpg","Symphurus sp","figs/2015/Otolitos-Sep/Symphurus sp/Sep28(26).jpg"
"Sep28(27).jpg","Symphurus sp","figs/2015/Otolitos-Sep/Symphurus sp/Sep28(27).jpg"
"Sep28(28).jpg","Symphurus sp","figs/2015/Otolitos-Sep/Symphurus sp/Sep28(28).jpg"
"Sep28(29).jpg","Symphurus sp","figs/2015/Otolitos-Sep/Symphurus sp/Sep28(29).jpg"
"Sep28(30).jpg","Symphurus sp","figs/2015/Otolitos-Sep/Symphurus sp/Sep28(30).jpg"
"Sep28(31).jpg","Symphurus sp","figs/2015/Otolitos-Sep/Symphurus sp/Sep28(31).jpg"
"Sep28(32).jpg","Symphurus sp","figs/2015/Otolitos-Sep/Symphurus sp/Sep28(32).jpg"
"Sep28(34).jpg","Symphurus sp","figs/2015/Otolitos-Sep/Symphurus sp/Sep28(34).jpg"
"Sep28(35).jpg","Symphurus sp","figs/2015/Otolitos-Sep/Symphurus sp/Sep28(35).jpg"
"Sep28(36).jpg","Symphurus sp","figs/2015/Otolitos-Sep/Symphurus sp/Sep28(36).jpg"
"Sep28(37).jpg","Symphurus sp","figs/2015/Otolitos-Sep/Symphurus sp/Sep28(37).jpg"
"Sep28(5).jpg","Symphurus sp","figs/2015/Otolitos-Sep/Symphurus sp/Sep28(5).jpg"
"Sep28(6).jpg","Symphurus sp","figs/2015/Otolitos-Sep/Symphurus sp/Sep28(6).jpg"
"Sep28(7).jpg","Symphurus sp","figs/2015/Otolitos-Sep/Symphurus sp/Sep28(7).jpg"
"Sep28(8).jpg","Symphurus sp","figs/2015/Otolitos-Sep/Symphurus sp/Sep28(8).jpg"
"Sep28(9).jpg","Symphurus sp","figs/2015/Otolitos-Sep/Symphurus sp/Sep28(9).jpg"
"Sep29(10).jpg","Symphurus sp","figs/2015/Otolitos-Sep/Symphurus sp/Sep29(10).jpg"
"Sep29(12).jpg","Symphurus sp","figs/2015/Otolitos-Sep/Symphurus sp/Sep29(12).jpg"
"Sep29(14).jpg","Symphurus sp","figs/2015/Otolitos-Sep/Symphurus sp/Sep29(14).jpg"
"Sep29(15).jpg","Symphurus sp","figs/2015/Otolitos-Sep/Symphurus sp/Sep29(15).jpg"
"Sep29(17).jpg","Symphurus sp","figs/2015/Otolitos-Sep/Symphurus sp/Sep29(17).jpg"
"Sep29(2).jpg","Symphurus sp","figs/2015/Otolitos-Sep/Symphurus sp/Sep29(2).jpg"
"Sep29(21).jpg","Symphurus sp","figs/2015/Otolitos-Sep/Symphurus sp/Sep29(21).jpg"
"Sep29(22).jpg","Symphurus sp","figs/2015/Otolitos-Sep/Symphurus sp/Sep29(22).jpg"
"Sep29(24).jpg","Symphurus sp","figs/2015/Otolitos-Sep/Symphurus sp/Sep29(24).jpg"
"Sep29(25).jpg","Symphurus sp","figs/2015/Otolitos-Sep/Symphurus sp/Sep29(25).jpg"
"Sep29(3).jpg","Symphurus sp","figs/2015/Otolitos-Sep/Symphurus sp/Sep29(3).jpg"
"Sep29(31).jpg","Symphurus sp","figs/2015/Otolitos-Sep/Symphurus sp/Sep29(31).jpg"
"Sep29(36).jpg","Symphurus sp","figs/2015/Otolitos-Sep/Symphurus sp/Sep29(36).jpg"
"Sep29(40).jpg","Symphurus sp","figs/2015/Otolitos-Sep/Symphurus sp/Sep29(40).jpg"
"Sep29(5).jpg","Symphurus sp","figs/2015/Otolitos-Sep/Symphurus sp/Sep29(5).jpg"
"Sep29(6).jpg","Symphurus sp","figs/2015/Otolitos-Sep/Symphurus sp/Sep29(6).jpg"
"Sep29(7).jpg","Symphurus sp","figs/2015/Otolitos-Sep/Symphurus sp/Sep29(7).jpg"
"Sep29(8).jpg","Symphurus sp","figs/2015/Otolitos-Sep/Symphurus sp/Sep29(8).jpg"
"Sep29(9).jpg","Symphurus sp","figs/2015/Otolitos-Sep/Symphurus sp/Sep29(9).jpg"
"Sep30(14).jpg","Symphurus sp","figs/2015/Otolitos-Sep/Symphurus sp/Sep30(14).jpg"
"Sep30(15).jpg","Symphurus sp","figs/2015/Otolitos-Sep/Symphurus sp/Sep30(15).jpg"
"Sep30(18).jpg","Symphurus sp","figs/2015/Otolitos-Sep/Symphurus sp/Sep30(18).jpg"
"Sep30(23).jpg","Symphurus sp","figs/2015/Otolitos-Sep/Symphurus sp/Sep30(23).jpg"
"Sep30(3).jpg","Symphurus sp","figs/2015/Otolitos-Sep/Symphurus sp/Sep30(3).jpg"
"Sep30(33).jpg","Symphurus sp","figs/2015/Otolitos-Sep/Symphurus sp/Sep30(33).jpg"
"Sep30(34).jpg","Symphurus sp","figs/2015/Otolitos-Sep/Symphurus sp/Sep30(34).jpg"
"Sep30(38).jpg","Symphurus sp","figs/2015/Otolitos-Sep/Symphurus sp/Sep30(38).jpg"
"Sep30(41).jpg","Symphurus sp","figs/2015/Otolitos-Sep/Symphurus sp/Sep30(41).jpg"
"Sep30(43).jpg","Symphurus sp","figs/2015/Otolitos-Sep/Symphurus sp/Sep30(43).jpg"
"Sep30(52).jpg","Symphurus sp","figs/2015/Otolitos-Sep/Symphurus sp/Sep30(52).jpg"
"Sep30(53).jpg","Symphurus sp","figs/2015/Otolitos-Sep/Symphurus sp/Sep30(53).jpg"
"Sep30(54).jpg","Symphurus sp","figs/2015/Otolitos-Sep/Symphurus sp/Sep30(54).jpg"
"Sep30(55).jpg","Symphurus sp","figs/2015/Otolitos-Sep/Symphurus sp/Sep30(55).jpg"
"Sep30(60).jpg","Symphurus sp","figs/2015/Otolitos-Sep/Symphurus sp/Sep30(60).jpg"
"Sep30(61).jpg","Symphurus sp","figs/2015/Otolitos-Sep/Symphurus sp/Sep30(61).jpg"
"Sep30(62).jpg","Symphurus sp","figs/2015/Otolitos-Sep/Symphurus sp/Sep30(62).jpg"
"Sep30(69).jpg","Symphurus sp","figs/2015/Otolitos-Sep/Symphurus sp/Sep30(69).jpg"
"Sep35(3).jpg","Symphurus sp","figs/2015/Otolitos-Sep/Symphurus sp/Sep35(3).jpg"
"Sep35(4).jpg","Symphurus sp","figs/2015/Otolitos-Sep/Symphurus sp/Sep35(4).jpg"
"Sep43(4).jpg","Symphurus sp","figs/2015/Otolitos-Sep/Symphurus sp/Sep43(4).jpg"
"Sep53(4).jpg","Symphurus sp","figs/2015/Otolitos-Sep/Symphurus sp/Sep53(4).jpg"
"Sep56(11).jpg","Symphurus sp","figs/2015/Otolitos-Sep/Symphurus sp/Sep56(11).jpg"
"Sep56(16).jpg","Symphurus sp","figs/2015/Otolitos-Sep/Symphurus sp/Sep56(16).jpg"
"Sep56(17).jpg","Symphurus sp","figs/2015/Otolitos-Sep/Symphurus sp/Sep56(17).jpg"
"Sep59(3).jpg","Symphurus sp","figs/2015/Otolitos-Sep/Symphurus sp/Sep59(3).jpg"
"Sep12(1).jpg","Synodus","figs/2015/Otolitos-Sep/Synodus/Sep12(1).jpg"
"Sep12(10).jpg","Synodus","figs/2015/Otolitos-Sep/Synodus/Sep12(10).jpg"
"Sep12(11).jpg","Synodus","figs/2015/Otolitos-Sep/Synodus/Sep12(11).jpg"
"Sep12(12).jpg","Synodus","figs/2015/Otolitos-Sep/Synodus/Sep12(12).jpg"
"Sep12(13).jpg","Synodus","figs/2015/Otolitos-Sep/Synodus/Sep12(13).jpg"
"Sep12(14).jpg","Synodus","figs/2015/Otolitos-Sep/Synodus/Sep12(14).jpg"
"Sep12(15).jpg","Synodus","figs/2015/Otolitos-Sep/Synodus/Sep12(15).jpg"
"Sep12(16).jpg","Synodus","figs/2015/Otolitos-Sep/Synodus/Sep12(16).jpg"
"Sep12(17).jpg","Synodus","figs/2015/Otolitos-Sep/Synodus/Sep12(17).jpg"
"Sep12(18).jpg","Synodus","figs/2015/Otolitos-Sep/Synodus/Sep12(18).jpg"
"Sep12(19).jpg","Synodus","figs/2015/Otolitos-Sep/Synodus/Sep12(19).jpg"
"Sep12(2).jpg","Synodus","figs/2015/Otolitos-Sep/Synodus/Sep12(2).jpg"
"Sep12(3).jpg","Synodus","figs/2015/Otolitos-Sep/Synodus/Sep12(3).jpg"
"Sep12(4).jpg","Synodus","figs/2015/Otolitos-Sep/Synodus/Sep12(4).jpg"
"Sep12(5).jpg","Synodus","figs/2015/Otolitos-Sep/Synodus/Sep12(5).jpg"
"Sep12(6).jpg","Synodus","figs/2015/Otolitos-Sep/Synodus/Sep12(6).jpg"
"Sep12(7).jpg","Synodus","figs/2015/Otolitos-Sep/Synodus/Sep12(7).jpg"
"Sep12(8).jpg","Synodus","figs/2015/Otolitos-Sep/Synodus/Sep12(8).jpg"
"Sep12(9).jpg","Synodus","figs/2015/Otolitos-Sep/Synodus/Sep12(9).jpg"
"Sep13(7).jpg","Synodus","figs/2015/Otolitos-Sep/Synodus/Sep13(7).jpg"
"Sep13(8).jpg","Synodus","figs/2015/Otolitos-Sep/Synodus/Sep13(8).jpg"
"Sep14(7).jpg","Synodus","figs/2015/Otolitos-Sep/Synodus/Sep14(7).jpg"
"Sep15(2).jpg","Synodus","figs/2015/Otolitos-Sep/Synodus/Sep15(2).jpg"
"Sep15(4).jpg","Synodus","figs/2015/Otolitos-Sep/Synodus/Sep15(4).jpg"
"Sep16(2).jpg","Synodus","figs/2015/Otolitos-Sep/Synodus/Sep16(2).jpg"
"Sep16(3).jpg","Synodus","figs/2015/Otolitos-Sep/Synodus/Sep16(3).jpg"
"Sep16(4).jpg","Synodus","figs/2015/Otolitos-Sep/Synodus/Sep16(4).jpg"
"Sep20(1).jpg","Synodus","figs/2015/Otolitos-Sep/Synodus/Sep20(1).jpg"
"Sep20(2).jpg","Synodus","figs/2015/Otolitos-Sep/Synodus/Sep20(2).jpg"
"Sep20(3).jpg","Synodus","figs/2015/Otolitos-Sep/Synodus/Sep20(3).jpg"
"Sep20(5).jpg","Synodus","figs/2015/Otolitos-Sep/Synodus/Sep20(5).jpg"
"Sep20(6).jpg","Synodus","figs/2015/Otolitos-Sep/Synodus/Sep20(6).jpg"
"Sep20(8).jpg","Synodus","figs/2015/Otolitos-Sep/Synodus/Sep20(8).jpg"
"Sep20(9).jpg","Synodus","figs/2015/Otolitos-Sep/Synodus/Sep20(9).jpg"
"Sep21(10).jpg","Synodus","figs/2015/Otolitos-Sep/Synodus/Sep21(10).jpg"
"Sep21(2).jpg","Synodus","figs/2015/Otolitos-Sep/Synodus/Sep21(2).jpg"
"Sep21(3).jpg","Synodus","figs/2015/Otolitos-Sep/Synodus/Sep21(3).jpg"
"Sep21(4).jpg","Synodus","figs/2015/Otolitos-Sep/Synodus/Sep21(4).jpg"
"Sep21(5).jpg","Synodus","figs/2015/Otolitos-Sep/Synodus/Sep21(5).jpg"
"Sep21(6).jpg","Synodus","figs/2015/Otolitos-Sep/Synodus/Sep21(6).jpg"
"Sep21(7).jpg","Synodus","figs/2015/Otolitos-Sep/Synodus/Sep21(7).jpg"
"Sep21(8).jpg","Synodus","figs/2015/Otolitos-Sep/Synodus/Sep21(8).jpg"
"Sep21(9).jpg","Synodus","figs/2015/Otolitos-Sep/Synodus/Sep21(9).jpg"
"Sep23(1).jpg","Synodus","figs/2015/Otolitos-Sep/Synodus/Sep23(1).jpg"
"Sep23(13).jpg","Synodus","figs/2015/Otolitos-Sep/Synodus/Sep23(13).jpg"
"Sep23(2).jpg","Synodus","figs/2015/Otolitos-Sep/Synodus/Sep23(2).jpg"
"Sep23(5).jpg","Synodus","figs/2015/Otolitos-Sep/Synodus/Sep23(5).jpg"
"Sep23(6).jpg","Synodus","figs/2015/Otolitos-Sep/Synodus/Sep23(6).jpg"
"Sep23(8).jpg","Synodus","figs/2015/Otolitos-Sep/Synodus/Sep23(8).jpg"
"Sep24(11).jpg","Synodus","figs/2015/Otolitos-Sep/Synodus/Sep24(11).jpg"
"Sep24(12).jpg","Synodus","figs/2015/Otolitos-Sep/Synodus/Sep24(12).jpg"
"Sep24(13).jpg","Synodus","figs/2015/Otolitos-Sep/Synodus/Sep24(13).jpg"
"Sep24(14).jpg","Synodus","figs/2015/Otolitos-Sep/Synodus/Sep24(14).jpg"
"Sep24(2).jpg","Synodus","figs/2015/Otolitos-Sep/Synodus/Sep24(2).jpg"
"Sep24(3).jpg","Synodus","figs/2015/Otolitos-Sep/Synodus/Sep24(3).jpg"
"Sep24(4).jpg","Synodus","figs/2015/Otolitos-Sep/Synodus/Sep24(4).jpg"
"Sep24(6).jpg","Synodus","figs/2015/Otolitos-Sep/Synodus/Sep24(6).jpg"
"Sep24(7).jpg","Synodus","figs/2015/Otolitos-Sep/Synodus/Sep24(7).jpg"
"Sep24(8).jpg","Synodus","figs/2015/Otolitos-Sep/Synodus/Sep24(8).jpg"
"Sep24(9).jpg","Synodus","figs/2015/Otolitos-Sep/Synodus/Sep24(9).jpg"
"Sep25(11).jpg","Synodus","figs/2015/Otolitos-Sep/Synodus/Sep25(11).jpg"
"Sep25(12).jpg","Synodus","figs/2015/Otolitos-Sep/Synodus/Sep25(12).jpg"
"Sep25(13).jpg","Synodus","figs/2015/Otolitos-Sep/Synodus/Sep25(13).jpg"
"Sep25(14).jpg","Synodus","figs/2015/Otolitos-Sep/Synodus/Sep25(14).jpg"
"Sep25(15).jpg","Synodus","figs/2015/Otolitos-Sep/Synodus/Sep25(15).jpg"
"Sep25(16).jpg","Synodus","figs/2015/Otolitos-Sep/Synodus/Sep25(16).jpg"
"Sep25(17).jpg","Synodus","figs/2015/Otolitos-Sep/Synodus/Sep25(17).jpg"
"Sep25(18).jpg","Synodus","figs/2015/Otolitos-Sep/Synodus/Sep25(18).jpg"
"Sep25(19).jpg","Synodus","figs/2015/Otolitos-Sep/Synodus/Sep25(19).jpg"
"Sep25(20).jpg","Synodus","figs/2015/Otolitos-Sep/Synodus/Sep25(20).jpg"
"Sep25(43).jpg","Synodus","figs/2015/Otolitos-Sep/Synodus/Sep25(43).jpg"
"Sep26(1).jpg","Synodus","figs/2015/Otolitos-Sep/Synodus/Sep26(1).jpg"
"Sep26(10).jpg","Synodus","figs/2015/Otolitos-Sep/Synodus/Sep26(10).jpg"
"Sep26(11).jpg","Synodus","figs/2015/Otolitos-Sep/Synodus/Sep26(11).jpg"
"Sep26(12).jpg","Synodus","figs/2015/Otolitos-Sep/Synodus/Sep26(12).jpg"
"Sep26(13).jpg","Synodus","figs/2015/Otolitos-Sep/Synodus/Sep26(13).jpg"
"Sep26(14).jpg","Synodus","figs/2015/Otolitos-Sep/Synodus/Sep26(14).jpg"
"Sep26(15).jpg","Synodus","figs/2015/Otolitos-Sep/Synodus/Sep26(15).jpg"
"Sep26(16).jpg","Synodus","figs/2015/Otolitos-Sep/Synodus/Sep26(16).jpg"
"Sep26(17).jpg","Synodus","figs/2015/Otolitos-Sep/Synodus/Sep26(17).jpg"
"Sep26(18).jpg","Synodus","figs/2015/Otolitos-Sep/Synodus/Sep26(18).jpg"
"Sep26(19).jpg","Synodus","figs/2015/Otolitos-Sep/Synodus/Sep26(19).jpg"
"Sep26(2).jpg","Synodus","figs/2015/Otolitos-Sep/Synodus/Sep26(2).jpg"
"Sep26(20).jpg","Synodus","figs/2015/Otolitos-Sep/Synodus/Sep26(20).jpg"
"Sep26(21).jpg","Synodus","figs/2015/Otolitos-Sep/Synodus/Sep26(21).jpg"
"Sep26(22).jpg","Synodus","figs/2015/Otolitos-Sep/Synodus/Sep26(22).jpg"
"Sep26(23).jpg","Synodus","figs/2015/Otolitos-Sep/Synodus/Sep26(23).jpg"
"Sep26(24).jpg","Synodus","figs/2015/Otolitos-Sep/Synodus/Sep26(24).jpg"
"Sep26(25).jpg","Synodus","figs/2015/Otolitos-Sep/Synodus/Sep26(25).jpg"
"Sep26(26).jpg","Synodus","figs/2015/Otolitos-Sep/Synodus/Sep26(26).jpg"
"Sep26(27).jpg","Synodus","figs/2015/Otolitos-Sep/Synodus/Sep26(27).jpg"
"Sep26(28).jpg","Synodus","figs/2015/Otolitos-Sep/Synodus/Sep26(28).jpg"
"Sep26(29).jpg","Synodus","figs/2015/Otolitos-Sep/Synodus/Sep26(29).jpg"
"Sep26(3).jpg","Synodus","figs/2015/Otolitos-Sep/Synodus/Sep26(3).jpg"
"Sep26(31).jpg","Synodus","figs/2015/Otolitos-Sep/Synodus/Sep26(31).jpg"
"Sep26(34).jpg","Synodus","figs/2015/Otolitos-Sep/Synodus/Sep26(34).jpg"
"Sep26(35).jpg","Synodus","figs/2015/Otolitos-Sep/Synodus/Sep26(35).jpg"
"Sep26(36).jpg","Synodus","figs/2015/Otolitos-Sep/Synodus/Sep26(36).jpg"
"Sep26(37).jpg","Synodus","figs/2015/Otolitos-Sep/Synodus/Sep26(37).jpg"
"Sep26(39).jpg","Synodus","figs/2015/Otolitos-Sep/Synodus/Sep26(39).jpg"
"Sep26(4).jpg","Synodus","figs/2015/Otolitos-Sep/Synodus/Sep26(4).jpg"
"Sep26(40).jpg","Synodus","figs/2015/Otolitos-Sep/Synodus/Sep26(40).jpg"
"Sep26(41).jpg","Synodus","figs/2015/Otolitos-Sep/Synodus/Sep26(41).jpg"
"Sep26(42).jpg","Synodus","figs/2015/Otolitos-Sep/Synodus/Sep26(42).jpg"
"Sep26(47).jpg","Synodus","figs/2015/Otolitos-Sep/Synodus/Sep26(47).jpg"
"Sep26(5).jpg","Synodus","figs/2015/Otolitos-Sep/Synodus/Sep26(5).jpg"
"Sep26(7).jpg","Synodus","figs/2015/Otolitos-Sep/Synodus/Sep26(7).jpg"
"Sep26(8).jpg","Synodus","figs/2015/Otolitos-Sep/Synodus/Sep26(8).jpg"
"Sep26(9).jpg","Synodus","figs/2015/Otolitos-Sep/Synodus/Sep26(9).jpg"
"Sep27(1).jpg","Synodus","figs/2015/Otolitos-Sep/Synodus/Sep27(1).jpg"
"Sep27(12).jpg","Synodus","figs/2015/Otolitos-Sep/Synodus/Sep27(12).jpg"
"Sep27(13).jpg","Synodus","figs/2015/Otolitos-Sep/Synodus/Sep27(13).jpg"
"Sep27(14).jpg","Synodus","figs/2015/Otolitos-Sep/Synodus/Sep27(14).jpg"
"Sep27(15).jpg","Synodus","figs/2015/Otolitos-Sep/Synodus/Sep27(15).jpg"
"Sep27(16).jpg","Synodus","figs/2015/Otolitos-Sep/Synodus/Sep27(16).jpg"
"Sep27(17).jpg","Synodus","figs/2015/Otolitos-Sep/Synodus/Sep27(17).jpg"
"Sep27(18).jpg","Synodus","figs/2015/Otolitos-Sep/Synodus/Sep27(18).jpg"
"Sep27(2).jpg","Synodus","figs/2015/Otolitos-Sep/Synodus/Sep27(2).jpg"
"Sep27(20).jpg","Synodus","figs/2015/Otolitos-Sep/Synodus/Sep27(20).jpg"
"Sep27(21).jpg","Synodus","figs/2015/Otolitos-Sep/Synodus/Sep27(21).jpg"
"Sep27(23).jpg","Synodus","figs/2015/Otolitos-Sep/Synodus/Sep27(23).jpg"
"Sep27(24).jpg","Synodus","figs/2015/Otolitos-Sep/Synodus/Sep27(24).jpg"
"Sep27(4).jpg","Synodus","figs/2015/Otolitos-Sep/Synodus/Sep27(4).jpg"
"Sep27(9).jpg","Synodus","figs/2015/Otolitos-Sep/Synodus/Sep27(9).jpg"
"Sep28(1).jpg","Synodus","figs/2015/Otolitos-Sep/Synodus/Sep28(1).jpg"
"Sep28(2).jpg","Synodus","figs/2015/Otolitos-Sep/Synodus/Sep28(2).jpg"
"Sep28(3).jpg","Synodus","figs/2015/Otolitos-Sep/Synodus/Sep28(3).jpg"
"Sep28(4).jpg","Synodus","figs/2015/Otolitos-Sep/Synodus/Sep28(4).jpg"
"Sep29(1).jpg","Synodus","figs/2015/Otolitos-Sep/Synodus/Sep29(1).jpg"
"Sep29(26).jpg","Synodus","figs/2015/Otolitos-Sep/Synodus/Sep29(26).jpg"
"Sep29(27).jpg","Synodus","figs/2015/Otolitos-Sep/Synodus/Sep29(27).jpg"
"Sep29(28).jpg","Synodus","figs/2015/Otolitos-Sep/Synodus/Sep29(28).jpg"
"Sep29(30).jpg","Synodus","figs/2015/Otolitos-Sep/Synodus/Sep29(30).jpg"
"Sep29(33).jpg","Synodus","figs/2015/Otolitos-Sep/Synodus/Sep29(33).jpg"
"Sep29(35).jpg","Synodus","figs/2015/Otolitos-Sep/Synodus/Sep29(35).jpg"
"Sep30(25).jpg","Synodus","figs/2015/Otolitos-Sep/Synodus/Sep30(25).jpg"
"Sep30(42).jpg","Synodus","figs/2015/Otolitos-Sep/Synodus/Sep30(42).jpg"
"Sep30(45).jpg","Synodus","figs/2015/Otolitos-Sep/Synodus/Sep30(45).jpg"
"Sep30(56).jpg","Synodus","figs/2015/Otolitos-Sep/Synodus/Sep30(56).jpg"
"Sep30(66).jpg","Synodus","figs/2015/Otolitos-Sep/Synodus/Sep30(66).jpg"
"Sep30(67).jpg","Synodus","figs/2015/Otolitos-Sep/Synodus/Sep30(67).jpg"
"Sep30(68).jpg","Synodus","figs/2015/Otolitos-Sep/Synodus/Sep30(68).jpg"
"Sep59(10).jpg","Synodus","figs/2015/Otolitos-Sep/Synodus/Sep59(10).jpg"
"Sep59(11).jpg","Synodus","figs/2015/Otolitos-Sep/Synodus/Sep59(11).jpg"
"Sep59(13).jpg","Synodus","figs/2015/Otolitos-Sep/Synodus/Sep59(13).jpg"
"Sep59(14).jpg","Synodus","figs/2015/Otolitos-Sep/Synodus/Sep59(14).jpg"
"Sep59(6).jpg","Synodus","figs/2015/Otolitos-Sep/Synodus/Sep59(6).jpg"
"Sep59(7).jpg","Synodus","figs/2015/Otolitos-Sep/Synodus/Sep59(7).jpg"
"Sep59(8).jpg","Synodus","figs/2015/Otolitos-Sep/Synodus/Sep59(8).jpg"
"Sep59(9).jpg","Synodus","figs/2015/Otolitos-Sep/Synodus/Sep59(9).jpg"
"Sep22(3).jpg","Vinciguerria lucetia","figs/2015/Otolitos-Sep/Vinciguerria lucetia/Sep22(3).jpg"
"Sep23(3).jpg","Vinciguerria lucetia","figs/2015/Otolitos-Sep/Vinciguerria lucetia/Sep23(3).jpg"
"Sep23(4).jpg","Vinciguerria lucetia","figs/2015/Otolitos-Sep/Vinciguerria lucetia/Sep23(4).jpg"
"Sep23(7).jpg","Vinciguerria lucetia","figs/2015/Otolitos-Sep/Vinciguerria lucetia/Sep23(7).jpg"
"Sep24(10).jpg","Vinciguerria lucetia","figs/2015/Otolitos-Sep/Vinciguerria lucetia/Sep24(10).jpg"
"Sep25(1).jpg","Vinciguerria lucetia","figs/2015/Otolitos-Sep/Vinciguerria lucetia/Sep25(1).jpg"
"Sep25(2).jpg","Vinciguerria lucetia","figs/2015/Otolitos-Sep/Vinciguerria lucetia/Sep25(2).jpg"
"Sep25(7).jpg","Vinciguerria lucetia","figs/2015/Otolitos-Sep/Vinciguerria lucetia/Sep25(7).jpg"
"Sep29(32).jpg","Vinciguerria lucetia","figs/2015/Otolitos-Sep/Vinciguerria lucetia/Sep29(32).jpg"
"Sep30(44).jpg","Vinciguerria lucetia","figs/2015/Otolitos-Sep/Vinciguerria lucetia/Sep30(44).jpg"
"Sep30(46).jpg","Vinciguerria lucetia","figs/2015/Otolitos-Sep/Vinciguerria lucetia/Sep30(46).jpg"
"Sep35(2).jpg","Vinciguerria lucetia","figs/2015/Otolitos-Sep/Vinciguerria lucetia/Sep35(2).jpg"
"Sep35(6).jpg","Vinciguerria lucetia","figs/2015/Otolitos-Sep/Vinciguerria lucetia/Sep35(6).jpg"
"Sep35(7).jpg","Vinciguerria lucetia","figs/2015/Otolitos-Sep/Vinciguerria lucetia/Sep35(7).jpg"
"Sep37(1).jpg","Vinciguerria lucetia","figs/2015/Otolitos-Sep/Vinciguerria lucetia/Sep37(1).jpg"
"Sep37(10).jpg","Vinciguerria lucetia","figs/2015/Otolitos-Sep/Vinciguerria lucetia/Sep37(10).jpg"
"Sep37(2).jpg","Vinciguerria lucetia","figs/2015/Otolitos-Sep/Vinciguerria lucetia/Sep37(2).jpg"
"Sep37(3).jpg","Vinciguerria lucetia","figs/2015/Otolitos-Sep/Vinciguerria lucetia/Sep37(3).jpg"
"Sep37(8).jpg","Vinciguerria lucetia","figs/2015/Otolitos-Sep/Vinciguerria lucetia/Sep37(8).jpg"
"Sep37(9).jpg","Vinciguerria lucetia","figs/2015/Otolitos-Sep/Vinciguerria lucetia/Sep37(9).jpg"
"Sep39(1).jpg","Vinciguerria lucetia","figs/2015/Otolitos-Sep/Vinciguerria lucetia/Sep39(1).jpg"
"Sep53(1).jpg","Vinciguerria lucetia","figs/2015/Otolitos-Sep/Vinciguerria lucetia/Sep53(1).jpg"
"Sep53(10).jpg","Vinciguerria lucetia","figs/2015/Otolitos-Sep/Vinciguerria lucetia/Sep53(10).jpg"
"Sep53(11).jpg","Vinciguerria lucetia","figs/2015/Otolitos-Sep/Vinciguerria lucetia/Sep53(11).jpg"
"Sep53(12).jpg","Vinciguerria lucetia","figs/2015/Otolitos-Sep/Vinciguerria lucetia/Sep53(12).jpg"
"Sep53(13).jpg","Vinciguerria lucetia","figs/2015/Otolitos-Sep/Vinciguerria lucetia/Sep53(13).jpg"
"Sep53(14).jpg","Vinciguerria lucetia","figs/2015/Otolitos-Sep/Vinciguerria lucetia/Sep53(14).jpg"
"Sep53(8).jpg","Vinciguerria lucetia","figs/2015/Otolitos-Sep/Vinciguerria lucetia/Sep53(8).jpg"
"Sep53(9).jpg","Vinciguerria lucetia","figs/2015/Otolitos-Sep/Vinciguerria lucetia/Sep53(9).jpg"
"Sep56(10).jpg","Vinciguerria lucetia","figs/2015/Otolitos-Sep/Vinciguerria lucetia/Sep56(10).jpg"
"Sep56(12).jpg","Vinciguerria lucetia","figs/2015/Otolitos-Sep/Vinciguerria lucetia/Sep56(12).jpg"
"Sep56(19).jpg","Vinciguerria lucetia","figs/2015/Otolitos-Sep/Vinciguerria lucetia/Sep56(19).jpg"
"Sep56(3).jpg","Vinciguerria lucetia","figs/2015/Otolitos-Sep/Vinciguerria lucetia/Sep56(3).jpg"
"Sep56(5).jpg","Vinciguerria lucetia","figs/2015/Otolitos-Sep/Vinciguerria lucetia/Sep56(5).jpg"
"Sep56(6).jpg","Vinciguerria lucetia","figs/2015/Otolitos-Sep/Vinciguerria lucetia/Sep56(6).jpg"
"Sep56(7).jpg","Vinciguerria lucetia","figs/2015/Otolitos-Sep/Vinciguerria lucetia/Sep56(7).jpg"
"Sep56(8).jpg","Vinciguerria lucetia","figs/2015/Otolitos-Sep/Vinciguerria lucetia/Sep56(8).jpg"
"Sep56(9).jpg","Vinciguerria lucetia","figs/2015/Otolitos-Sep/Vinciguerria lucetia/Sep56(9).jpg"
"Sep57(1).jpg","Vinciguerria lucetia","figs/2015/Otolitos-Sep/Vinciguerria lucetia/Sep57(1).jpg"
"Sep60(4).jpg","Vinciguerria lucetia","figs/2015/Otolitos-Sep/Vinciguerria lucetia/Sep60(4).jpg"
"Sep60(8).jpg","Vinciguerria lucetia","figs/2015/Otolitos-Sep/Vinciguerria lucetia/Sep60(8).jpg"
